,Index Name,Date,TotalReturnsIndex
0,NIFTY 50,08 Sep 2023,29074.22
1,NIFTY 50,07 Sep 2023,28937.96
2,NIFTY 50,06 Sep 2023,28767.78
3,NIFTY 50,05 Sep 2023,28714.78
4,NIFTY 50,04 Sep 2023,28647.16
5,NIFTY 50,01 Sep 2023,28509.94
6,NIFTY 50,31 Aug 2023,28243.74
7,NIFTY 50,30 Aug 2023,28381.13
8,NIFTY 50,29 Aug 2023,28374.03
9,NIFTY 50,28 Aug 2023,28320.40
10,NIFTY 50,25 Aug 2023,28261.32
11,NIFTY 50,24 Aug 2023,28438.68
12,NIFTY 50,23 Aug 2023,28522.76
13,NIFTY 50,22 Aug 2023,28453.01
14,NIFTY 50,21 Aug 2023,28448.83
15,NIFTY 50,18 Aug 2023,28316.31
16,NIFTY 50,17 Aug 2023,28393.16
17,NIFTY 50,16 Aug 2023,28539.38
18,NIFTY 50,14 Aug 2023,28494.78
19,NIFTY 50,11 Aug 2023,28482.45
20,NIFTY 50,10 Aug 2023,28638.92
21,NIFTY 50,09 Aug 2023,28769.97
22,NIFTY 50,08 Aug 2023,28661.08
23,NIFTY 50,07 Aug 2023,28699.80
24,NIFTY 50,04 Aug 2023,28582.25
25,NIFTY 50,03 Aug 2023,28383.28
26,NIFTY 50,02 Aug 2023,28589.81
27,NIFTY 50,01 Aug 2023,28880.78
28,NIFTY 50,31 Jul 2023,28910.43
29,NIFTY 50,28 Jul 2023,28752.69
30,NIFTY 50,27 Jul 2023,28769.02
31,NIFTY 50,26 Jul 2023,28939.30
32,NIFTY 50,25 Jul 2023,28796.35
33,NIFTY 50,24 Jul 2023,28784.26
34,NIFTY 50,21 Jul 2023,28890.53
35,NIFTY 50,20 Jul 2023,29231.71
36,NIFTY 50,19 Jul 2023,29011.55
37,NIFTY 50,18 Jul 2023,28888.85
38,NIFTY 50,17 Jul 2023,28833.54
39,NIFTY 50,14 Jul 2023,28618.60
40,NIFTY 50,13 Jul 2023,28393.32
41,NIFTY 50,12 Jul 2023,28348.88
42,NIFTY 50,11 Jul 2023,28429.42
43,NIFTY 50,10 Jul 2023,28304.66
44,NIFTY 50,07 Jul 2023,28269.43
45,NIFTY 50,06 Jul 2023,28510.39
46,NIFTY 50,05 Jul 2023,28365.96
47,NIFTY 50,04 Jul 2023,28352.01
48,NIFTY 50,03 Jul 2023,28254.90
49,NIFTY 50,30 Jun 2023,28059.65
50,NIFTY 50,28 Jun 2023,27739.64
51,NIFTY 50,27 Jun 2023,27513.45
52,NIFTY 50,26 Jun 2023,27328.91
53,NIFTY 50,23 Jun 2023,27291.39
54,NIFTY 50,22 Jun 2023,27445.97
55,NIFTY 50,21 Jun 2023,27571.14
56,NIFTY 50,20 Jun 2023,27512.41
57,NIFTY 50,19 Jun 2023,27422.87
58,NIFTY 50,16 Jun 2023,27519.44
59,NIFTY 50,15 Jun 2023,27317.25
60,NIFTY 50,14 Jun 2023,27408.12
61,NIFTY 50,13 Jun 2023,27350.09
62,NIFTY 50,12 Jun 2023,27182.55
63,NIFTY 50,09 Jun 2023,27126.86
64,NIFTY 50,08 Jun 2023,27227.59
65,NIFTY 50,07 Jun 2023,27361.85
66,NIFTY 50,06 Jun 2023,27175.70
67,NIFTY 50,05 Jun 2023,27168.13
68,NIFTY 50,02 Jun 2023,27080.87
69,NIFTY 50,01 Jun 2023,26989.35
70,NIFTY 50,31 May 2023,27057.44
71,NIFTY 50,30 May 2023,27188.18
72,NIFTY 50,29 May 2023,27136.82
73,NIFTY 50,26 May 2023,26991.87
74,NIFTY 50,25 May 2023,26731.86
75,NIFTY 50,24 May 2023,26679.72
76,NIFTY 50,23 May 2023,26771.10
77,NIFTY 50,22 May 2023,26722.03
78,NIFTY 50,19 May 2023,26560.10
79,NIFTY 50,18 May 2023,26451.26
80,NIFTY 50,17 May 2023,26526.82
81,NIFTY 50,16 May 2023,26679.67
82,NIFTY 50,15 May 2023,26789.02
83,NIFTY 50,12 May 2023,26666.67
84,NIFTY 50,11 May 2023,26640.77
85,NIFTY 50,10 May 2023,26667.11
86,NIFTY 50,09 May 2023,26595.52
87,NIFTY 50,08 May 2023,26593.29
88,NIFTY 50,05 May 2023,26308.78
89,NIFTY 50,04 May 2023,26580.77
90,NIFTY 50,03 May 2023,26339.14
91,NIFTY 50,02 May 2023,26423.30
92,NIFTY 50,28 Apr 2023,26302.92
93,NIFTY 50,27 Apr 2023,26078.38
94,NIFTY 50,26 Apr 2023,25930.70
95,NIFTY 50,25 Apr 2023,25866.09
96,NIFTY 50,24 Apr 2023,25828.46
97,NIFTY 50,21 Apr 2023,25654.78
98,NIFTY 50,20 Apr 2023,25654.16
99,NIFTY 50,19 Apr 2023,25645.82
100,NIFTY 50,18 Apr 2023,25706.09
101,NIFTY 50,17 Apr 2023,25774.07
102,NIFTY 50,13 Apr 2023,25950.39
103,NIFTY 50,12 Apr 2023,25924.89
104,NIFTY 50,11 Apr 2023,25793.77
105,NIFTY 50,10 Apr 2023,25650.73
106,NIFTY 50,06 Apr 2023,25614.55
107,NIFTY 50,05 Apr 2023,25553.28
108,NIFTY 50,03 Apr 2023,25321.85
109,NIFTY 50,31 Mar 2023,25266.06
110,NIFTY 50,29 Mar 2023,24859.93
111,NIFTY 50,28 Mar 2023,24672.17
112,NIFTY 50,27 Mar 2023,24721.71
113,NIFTY 50,24 Mar 2023,24662.53
114,NIFTY 50,23 Mar 2023,24854.39
115,NIFTY 50,22 Mar 2023,24963.55
116,NIFTY 50,21 Mar 2023,24898.97
117,NIFTY 50,20 Mar 2023,24725.60
118,NIFTY 50,17 Mar 2023,24888.10
119,NIFTY 50,16 Mar 2023,24721.52
120,NIFTY 50,15 Mar 2023,24701.60
121,NIFTY 50,14 Mar 2023,24805.11
122,NIFTY 50,13 Mar 2023,24966.68
123,NIFTY 50,10 Mar 2023,25343.09
124,NIFTY 50,09 Mar 2023,25600.24
125,NIFTY 50,08 Mar 2023,25840.12
126,NIFTY 50,06 Mar 2023,25777.60
127,NIFTY 50,03 Mar 2023,25607.14
128,NIFTY 50,02 Mar 2023,25210.65
129,NIFTY 50,01 Mar 2023,25398.40
130,NIFTY 50,28 Feb 2023,25184.47
131,NIFTY 50,27 Feb 2023,25313.70
132,NIFTY 50,24 Feb 2023,25420.07
133,NIFTY 50,23 Feb 2023,25485.97
134,NIFTY 50,22 Feb 2023,25548.67
135,NIFTY 50,21 Feb 2023,25945.08
136,NIFTY 50,20 Feb 2023,25971.19
137,NIFTY 50,17 Feb 2023,26116.12
138,NIFTY 50,16 Feb 2023,26249.52
139,NIFTY 50,15 Feb 2023,26220.43
140,NIFTY 50,14 Feb 2023,26077.93
141,NIFTY 50,13 Feb 2023,25846.70
142,NIFTY 50,10 Feb 2023,25971.23
143,NIFTY 50,09 Feb 2023,26024.94
144,NIFTY 50,08 Feb 2023,25993.34
145,NIFTY 50,07 Feb 2023,25772.19
146,NIFTY 50,06 Feb 2023,25834.87
147,NIFTY 50,03 Feb 2023,25965.00
148,NIFTY 50,02 Feb 2023,25610.65
149,NIFTY 50,01 Feb 2023,25619.24
150,NIFTY 50,31 Jan 2023,25685.94
151,NIFTY 50,30 Jan 2023,25666.69
152,NIFTY 50,27 Jan 2023,25601.88
153,NIFTY 50,25 Jan 2023,26020.13
154,NIFTY 50,24 Jan 2023,26349.28
155,NIFTY 50,23 Jan 2023,26349.14
156,NIFTY 50,20 Jan 2023,26216.94
157,NIFTY 50,19 Jan 2023,26333.57
158,NIFTY 50,18 Jan 2023,26413.71
159,NIFTY 50,17 Jan 2023,26250.81
160,NIFTY 50,16 Jan 2023,26020.39
161,NIFTY 50,13 Jan 2023,26110.20
162,NIFTY 50,12 Jan 2023,25967.07
163,NIFTY 50,11 Jan 2023,26021.60
164,NIFTY 50,10 Jan 2023,26048.47
165,NIFTY 50,09 Jan 2023,26320.41
166,NIFTY 50,06 Jan 2023,25968.95
167,NIFTY 50,05 Jan 2023,26161.85
168,NIFTY 50,04 Jan 2023,26235.73
169,NIFTY 50,03 Jan 2023,26511.45
170,NIFTY 50,02 Jan 2023,26460.41
171,NIFTY 50,30 Dec 2022,26326.37
172,NIFTY 50,29 Dec 2022,26451.02
173,NIFTY 50,28 Dec 2022,26351.40
174,NIFTY 50,27 Dec 2022,26365.65
175,NIFTY 50,26 Dec 2022,26194.52
176,NIFTY 50,23 Dec 2022,25892.35
177,NIFTY 50,22 Dec 2022,26358.44
178,NIFTY 50,21 Dec 2022,26462.77
179,NIFTY 50,20 Dec 2022,26733.51
180,NIFTY 50,19 Dec 2022,26784.68
181,NIFTY 50,16 Dec 2022,26564.46
182,NIFTY 50,15 Dec 2022,26776.56
183,NIFTY 50,14 Dec 2022,27133.40
184,NIFTY 50,13 Dec 2022,27057.35
185,NIFTY 50,12 Dec 2022,26896.21
186,NIFTY 50,09 Dec 2022,26895.35
187,NIFTY 50,08 Dec 2022,27059.31
188,NIFTY 50,07 Dec 2022,26988.31
189,NIFTY 50,06 Dec 2022,27107.87
190,NIFTY 50,05 Dec 2022,27192.64
191,NIFTY 50,02 Dec 2022,27185.44
192,NIFTY 50,01 Dec 2022,27354.74
193,NIFTY 50,30 Nov 2022,27276.01
194,NIFTY 50,29 Nov 2022,27071.98
195,NIFTY 50,28 Nov 2022,26991.60
196,NIFTY 50,25 Nov 2022,26918.89
197,NIFTY 50,24 Nov 2022,26877.24
198,NIFTY 50,23 Nov 2022,26561.89
199,NIFTY 50,22 Nov 2022,26528.40
200,NIFTY 50,21 Nov 2022,26405.90
201,NIFTY 50,18 Nov 2022,26620.61
202,NIFTY 50,17 Nov 2022,26673.32
203,Nifty 50,16 Nov 2022,26768.95
204,NIFTY 50,15 Nov 2022,26759.85
205,NIFTY 50,14 Nov 2022,26651.93
206,NIFTY 50,11 Nov 2022,26681.76
207,NIFTY 50,10 Nov 2022,26214.31
208,NIFTY 50,09 Nov 2022,26401.58
209,NIFTY 50,07 Nov 2022,26464.44
210,NIFTY 50,04 Nov 2022,26339.90
211,NIFTY 50,03 Nov 2022,26246.23
212,NIFTY 50,02 Nov 2022,26290.01
213,Nifty 50,01 Nov 2022,26380.97
214,NIFTY 50,31 Oct 2022,26182.36
215,Nifty 50,28 Oct 2022,25852.72
216,Nifty 50,27 Oct 2022,25780.23
217,NIFTY 50,25 Oct 2022,25643.34
218,NIFTY 50,24 Oct 2022,25751.45
219,Nifty 50,21 Oct 2022,25527.09
220,NIFTY 50,20 Oct 2022,25509.14
221,NIFTY 50,19 Oct 2022,25434.10
222,NIFTY 50,18 Oct 2022,25393.89
223,NIFTY 50,17 Oct 2022,25139.55
224,Nifty 50,14 Oct 2022,24953.75
225,NIFTY 50,13 Oct 2022,24704.95
226,NIFTY 50,12 Oct 2022,24863.58
227,NIFTY 50,11 Oct 2022,24660.20
228,NIFTY 50,10 Oct 2022,25034.02
229,NIFTY 50,07 Oct 2022,25140.99
230,NIFTY 50,06 Oct 2022,25165.85
231,NIFTY 50,04 Oct 2022,25082.39
232,Nifty 50,03 Oct 2022,24520.52
233,Nifty 50,30 Sep 2022,24821.08
234,NIFTY 50,29 Sep 2022,24419.98
235,NIFTY 50,28 Sep 2022,24478.82
236,Nifty 50,27 Sep 2022,24694.83
237,Nifty 50,26 Sep 2022,24707.77
238,NIFTY 50,23 Sep 2022,25159.42
239,NIFTY 50,22 Sep 2022,25598.60
240,NIFTY 50,21 Sep 2022,25727.13
241,NIFTY 50,20 Sep 2022,25869.27
242,NIFTY 50,19 Sep 2022,25587.63
243,NIFTY 50,16 Sep 2022,25454.93
244,NIFTY 50,15 Sep 2022,25958.06
245,NIFTY 50,14 Sep 2022,26141.52
246,NIFTY 50,13 Sep 2022,26237.81
247,NIFTY 50,12 Sep 2022,26043.69
248,NIFTY 50,09 Sep 2022,25894.12
249,NIFTY 50,08 Sep 2022,25843.86
250,NIFTY 50,07 Sep 2022,25590.73
251,NIFTY 50,06 Sep 2022,25636.01
252,NIFTY 50,05 Sep 2022,25650.83
253,NIFTY 50,02 Sep 2022,25467.41
254,NIFTY 50,01 Sep 2022,25472.24
255,NIFTY 50,30 Aug 2022,25786.59
256,NIFTY 50,29 Aug 2022,25138.40
257,NIFTY 50,26 Aug 2022,25495.64
258,NIFTY 50,25 Aug 2022,25442.67
259,NIFTY 50,24 Aug 2022,25562.51
260,NIFTY 50,23 Aug 2022,25522.62
261,NIFTY 50,22 Aug 2022,25396.57
262,NIFTY 50,19 Aug 2022,25785.40
263,NIFTY 50,18 Aug 2022,26067.35
264,NIFTY 50,17 Aug 2022,26035.87
265,NIFTY 50,16 Aug 2022,25863.24
266,NIFTY 50,12 Aug 2022,25678.83
267,NIFTY 50,11 Aug 2022,25621.06
268,NIFTY 50,10 Aug 2022,25431.92
269,NIFTY 50,08 Aug 2022,25413.25
270,NIFTY 50,05 Aug 2022,25215.93
271,NIFTY 50,04 Aug 2022,25193.41
272,NIFTY 50,03 Aug 2022,25202.38
273,NIFTY 50,02 Aug 2022,25137.82
274,NIFTY 50,01 Aug 2022,25128.57
275,NIFTY 50,29 Jul 2022,24862.70
276,NIFTY 50,28 Jul 2022,24531.38
277,NIFTY 50,27 Jul 2022,24114.41
278,NIFTY 50,26 Jul 2022,23882.26
279,NIFTY 50,25 Jul 2022,24095.46
280,NIFTY 50,22 Jul 2022,24223.56
281,NIFTY 50,21 Jul 2022,24058.17
282,NIFTY 50,20 Jul 2022,23920.88
283,NIFTY 50,19 Jul 2022,23659.85
284,NIFTY 50,18 Jul 2022,23566.52
285,NIFTY 50,15 Jul 2022,23234.52
286,NIFTY 50,14 Jul 2022,23074.52
287,NIFTY 50,13 Jul 2022,23107.47
288,NIFTY 50,12 Jul 2022,23239.90
289,NIFTY 50,11 Jul 2022,23468.14
290,NIFTY 50,08 Jul 2022,23473.61
291,NIFTY 50,07 Jul 2022,23345.61
292,NIFTY 50,06 Jul 2022,23137.70
293,NIFTY 50,05 Jul 2022,22878.72
294,NIFTY 50,04 Jul 2022,22914.20
295,NIFTY 50,01 Jul 2022,22788.18
296,NIFTY 50,30 Jun 2022,22828.93
297,NIFTY 50,29 Jun 2022,22848.35
298,NIFTY 50,28 Jun 2022,22922.24
299,NIFTY 50,27 Jun 2022,22896.02
300,NIFTY 50,24 Jun 2022,22703.95
301,NIFTY 50,23 Jun 2022,22497.71
302,NIFTY 50,22 Jun 2022,22290.46
303,NIFTY 50,21 Jun 2022,22616.52
304,NIFTY 50,20 Jun 2022,22199.11
305,NIFTY 50,17 Jun 2022,22114.97
306,NIFTY 50,16 Jun 2022,22211.98
307,NIFTY 50,15 Jun 2022,22691.46
308,NIFTY 50,14 Jun 2022,22729.97
309,NIFTY 50,13 Jun 2022,22791.12
310,NIFTY 50,10 Jun 2022,23408.59
311,NIFTY 50,09 Jun 2022,23807.84
312,NIFTY 50,08 Jun 2022,23628.32
313,NIFTY 50,07 Jun 2022,23715.10
314,NIFTY 50,06 Jun 2022,23936.44
315,NIFTY 50,03 Jun 2022,23957.71
316,NIFTY 50,02 Jun 2022,24020.89
317,NIFTY 50,01 Jun 2022,23868.85
318,NIFTY 50,31 May 2022,23958.10
319,NIFTY 50,30 May 2022,24031.25
320,NIFTY 50,27 May 2022,23585.61
321,NIFTY 50,26 May 2022,23322.66
322,NIFTY 50,25 May 2022,23096.63
323,NIFTY 50,24 May 2022,23223.25
324,NIFTY 50,23 May 2022,23352.22
325,NIFTY 50,20 May 2022,23426.36
326,Nifty 50,19 May 2022,22768.49
327,NIFTY 50,18 May 2022,23389.07
328,NIFTY 50,17 May 2022,23416.46
329,NIFTY 50,16 May 2022,22815.88
330,NIFTY 50,13 May 2022,22729.28
331,NIFTY 50,12 May 2022,22766.52
332,NIFTY 50,11 May 2022,23260.85
333,NIFTY 50,10 May 2022,23365.81
334,NIFTY 50,09 May 2022,23454.71
335,NIFTY 50,06 May 2022,23612.16
336,NIFTY 50,05 May 2022,24002.58
337,NIFTY 50,04 May 2022,23995.35
338,NIFTY 50,02 May 2022,24558.61
339,NIFTY 50,29 Apr 2022,24606.78
340,NIFTY 50,28 Apr 2022,24811.78
341,NIFTY 50,27 Apr 2022,24508.30
342,NIFTY 50,26 Apr 2022,24741.88
343,NIFTY 50,25 Apr 2022,24386.78
344,NIFTY 50,22 Apr 2022,24700.36
345,NIFTY 50,21 Apr 2022,25017.73
346,NIFTY 50,20 Apr 2022,24648.40
347,NIFTY 50,19 Apr 2022,24392.54
348,NIFTY 50,18 Apr 2022,24701.75
349,NIFTY 50,13 Apr 2022,25136.13
350,NIFTY 50,12 Apr 2022,25214.76
351,NIFTY 50,11 Apr 2022,25422.81
352,NIFTY 50,08 Apr 2022,25580.15
353,NIFTY 50,07 Apr 2022,25371.88
354,NIFTY 50,06 Apr 2022,25613.71
355,NIFTY 50,05 Apr 2022,25829.11
356,NIFTY 50,04 Apr 2022,25964.72
357,NIFTY 50,01 Apr 2022,25413.94
358,NIFTY 50,31 Mar 2022,25118.14
359,NIFTY 50,30 Mar 2022,25166.31
360,NIFTY 50,29 Mar 2022,24917.57
361,NIFTY 50,28 Mar 2022,24768.69
362,NIFTY 50,25 Mar 2022,24669.45
363,NIFTY 50,24 Mar 2022,24769.75
364,NIFTY 50,23 Mar 2022,24802.74
365,NIFTY 50,22 Mar 2022,24903.14
366,NIFTY 50,21 Mar 2022,24618.52
367,NIFTY 50,17 Mar 2022,24862.27
368,NIFTY 50,16 Mar 2022,24414.00
369,NIFTY 50,15 Mar 2022,23964.72
370,NIFTY 50,14 Mar 2022,24264.29
371,NIFTY 50,11 Mar 2022,23917.96
372,NIFTY 50,10 Mar 2022,23866.77
373,NIFTY 50,09 Mar 2022,23507.87
374,NIFTY 50,08 Mar 2022,23030.56
375,NIFTY 50,07 Mar 2022,22814.41
376,NIFTY 50,04 Mar 2022,23364.07
377,Nifty 50,03 Mar 2022,23727.54
378,Nifty 50,02 Mar 2022,23882.72
379,Nifty 50,28 Feb 2022,24153.01
380,Nifty 50,25 Feb 2022,23958.10
381,Nifty 50,24 Feb 2022,23367.85
382,NIFTY 50,23 Feb 2022,24540.41
383,NIFTY 50,22 Feb 2022,24582.05
384,NIFTY 50,21 Feb 2022,24746.59
385,NIFTY 50,18 Feb 2022,24838.68
386,NIFTY 50,17 Feb 2022,24879.32
387,NIFTY 50,16 Feb 2022,24904.67
388,NIFTY 50,15 Feb 2022,24941.93
389,NIFTY 50,14 Feb 2022,24209.38
390,NIFTY 50,11 Feb 2022,24958.45
391,NIFTY 50,10 Feb 2022,25290.42
392,NIFTY 50,09 Feb 2022,25084.60
393,NIFTY 50,08 Feb 2022,24795.76
394,NIFTY 50,07 Feb 2022,24719.45
395,NIFTY 50,04 Feb 2022,25154.14
396,NIFTY 50,03 Feb 2022,25217.20
397,NIFTY 50,02 Feb 2022,25526.55
398,NIFTY 50,01 Feb 2022,25234.89
399,NIFTY 50,31 Jan 2022,24894.62
400,NIFTY 50,28 Jan 2022,24553.04
401,NIFTY 50,27 Jan 2022,24564.81
402,NIFTY 50,25 Jan 2022,24805.75
403,NIFTY 50,24 Jan 2022,24620.72
404,NIFTY 50,21 Jan 2022,25292.72
405,NIFTY 50,20 Jan 2022,25492.99
406,NIFTY 50,19 Jan 2022,25749.81
407,NIFTY 50,18 Jan 2022,25998.14
408,NIFTY 50,17 Jan 2022,26278.07
409,NIFTY 50,14 Jan 2022,26202.97
410,NIFTY 50,13 Jan 2022,26205.87
411,NIFTY 50,12 Jan 2022,26140.68
412,NIFTY 50,11 Jan 2022,25915.89
413,NIFTY 50,10 Jan 2022,25840.62
414,NIFTY 50,07 Jan 2022,25567.06
415,NIFTY 50,06 Jan 2022,25471.18
416,NIFTY 50,05 Jan 2022,25728.58
417,NIFTY 50,04 Jan 2022,25556.34
418,NIFTY 50,03 Jan 2022,25298.63
419,NIFTY 50,31 Dec 2021,24908.71
420,NIFTY 50,30 Dec 2021,24693.25
421,NIFTY 50,29 Dec 2021,24707.10
422,NIFTY 50,28 Dec 2021,24735.32
423,NIFTY 50,27 Dec 2021,24524.36
424,NIFTY 50,24 Dec 2021,24405.96
425,NIFTY 50,23 Dec 2021,24504.75
426,NIFTY 50,22 Dec 2021,24336.62
427,NIFTY 50,21 Dec 2021,24063.78
428,NIFTY 50,20 Dec 2021,23839.01
429,NIFTY 50,17 Dec 2021,24371.37
430,NIFTY 50,16 Dec 2021,24749.01
431,NIFTY 50,15 Dec 2021,24710.30
432,NIFTY 50,14 Dec 2021,24858.79
433,NIFTY 50,13 Dec 2021,24921.02
434,NIFTY 50,10 Dec 2021,25126.24
435,NIFTY 50,09 Dec 2021,25134.23
436,NIFTY 50,08 Dec 2021,25066.62
437,NIFTY 50,07 Dec 2021,24646.18
438,NIFTY 50,06 Dec 2021,24266.71
439,NIFTY 50,03 Dec 2021,24674.83
440,NIFTY 50,02 Dec 2021,24968.91
441,NIFTY 50,01 Dec 2021,24632.06
442,NIFTY 50,30 Nov 2021,24368.53
443,NIFTY 50,29 Nov 2021,24469.99
444,NIFTY 50,26 Nov 2021,24430.53
445,NIFTY 50,25 Nov 2021,25162.07
446,NIFTY 50,24 Nov 2021,24988.18
447,NIFTY 50,23 Nov 2021,25114.82
448,NIFTY 50,22 Nov 2021,24990.27
449,NIFTY 50,18 Nov 2021,25483.23
450,NIFTY 50,17 Nov 2021,25675.20
451,NIFTY 50,16 Nov 2021,25819.49
452,NIFTY 50,15 Nov 2021,25977.61
453,NIFTY 50,12 Nov 2021,25968.02
454,NIFTY 50,11 Nov 2021,25639.32
455,NIFTY 50,10 Nov 2021,25839.47
456,NIFTY 50,09 Nov 2021,25878.28
457,NIFTY 50,08 Nov 2021,25913.09
458,NIFTY 50,04 Nov 2021,25695.50
459,NIFTY 50,03 Nov 2021,25569.86
460,NIFTY 50,02 Nov 2021,25655.51
461,NIFTY 50,01 Nov 2021,25710.80
462,NIFTY 50,29 Oct 2021,25340.83
463,NIFTY 50,28 Oct 2021,25606.99
464,NIFTY 50,27 Oct 2021,26113.62
465,NIFTY 50,26 Oct 2021,26196.05
466,NIFTY 50,25 Oct 2021,25967.04
467,NIFTY 50,22 Oct 2021,25952.01
468,NIFTY 50,21 Oct 2021,26042.59
469,NIFTY 50,20 Oct 2021,26165.78
470,NIFTY 50,19 Oct 2021,26383.71
471,NIFTY 50,18 Oct 2021,26467.21
472,NIFTY 50,14 Oct 2021,26268.83
473,NIFTY 50,13 Oct 2021,26013.19
474,NIFTY 50,12 Oct 2021,25770.01
475,NIFTY 50,11 Oct 2021,25704.10
476,NIFTY 50,08 Oct 2021,25631.38
477,NIFTY 50,07 Oct 2021,25481.26
478,NIFTY 50,06 Oct 2021,25274.48
479,NIFTY 50,05 Oct 2021,25526.98
480,NIFTY 50,04 Oct 2021,25339.32
481,NIFTY 50,01 Oct 2021,25111.25
482,NIFTY 50,30 Sep 2021,25234.57
483,NIFTY 50,29 Sep 2021,25367.99
484,NIFTY 50,28 Sep 2021,25421.46
485,NIFTY 50,27 Sep 2021,25573.99
486,NIFTY 50,24 Sep 2021,25571.24
487,NIFTY 50,23 Sep 2021,25527.92
488,NIFTY 50,22 Sep 2021,25132.15
489,NIFTY 50,21 Sep 2021,25154.16
490,NIFTY 50,20 Sep 2021,24917.72
491,NIFTY 50,17 Sep 2021,25187.34
492,NIFTY 50,16 Sep 2021,25250.87
493,NIFTY 50,15 Sep 2021,25093.22
494,NIFTY 50,14 Sep 2021,24893.51
495,Nifty 50,13 Sep 2021,24858.12
496,Nifty 50,09 Sep 2021,24878.09
497,Nifty 50,08 Sep 2021,24855.50
498,Nifty 50,07 Sep 2021,24857.27
499,Nifty 50,06 Sep 2021,24879.79
500,Nifty 50,03 Sep 2021,24802.17
501,Nifty 50,02 Sep 2021,24674.11
502,Nifty 50,01 Sep 2021,24445.62
503,Nifty 50,31 Aug 2021,24525.71
504,Nifty 50,30 Aug 2021,24237.80
505,Nifty 50,27 Aug 2021,23914.48
506,Nifty 50,26 Aug 2021,23816.68
507,Nifty 50,25 Aug 2021,23813.43
508,Nifty 50,24 Aug 2021,23799.10
509,Nifty 50,23 Aug 2021,23615.61
510,Nifty 50,20 Aug 2021,23549.09
511,Nifty 50,18 Aug 2021,23718.57
512,Nifty 50,17 Aug 2021,23784.05
513,NIFTY 50,16 Aug 2021,23708.38
514,NIFTY 50,13 Aug 2021,23659.78
515,NIFTY 50,12 Aug 2021,23424.04
516,NIFTY 50,11 Aug 2021,23303.89
517,NIFTY 50,10 Aug 2021,23300.36
518,NIFTY 50,09 Aug 2021,23269.12
519,NIFTY 50,06 Aug 2021,23238.83
520,NIFTY 50,05 Aug 2021,23319.53
521,NIFTY 50,04 Aug 2021,23265.07
522,NIFTY 50,03 Aug 2021,23081.86
523,NIFTY 50,02 Aug 2021,22730.42
524,NIFTY 50,30 Jul 2021,22554.26
525,NIFTY 50,29 Jul 2021,22576.34
526,NIFTY 50,28 Jul 2021,22472.95
527,NIFTY 50,27 Jul 2021,22518.80
528,NIFTY 50,26 Jul 2021,22628.19
529,NIFTY 50,23 Jul 2021,22673.35
530,NIFTY 50,22 Jul 2021,22621.45
531,NIFTY 50,20 Jul 2021,22344.81
532,NIFTY 50,19 Jul 2021,22516.71
533,NIFTY 50,16 Jul 2021,22761.20
534,NIFTY 50,15 Jul 2021,22762.34
535,NIFTY 50,14 Jul 2021,22656.78
536,NIFTY 50,13 Jul 2021,22595.49
537,NIFTY 50,12 Jul 2021,22424.39
538,NIFTY 50,09 Jul 2021,22420.36
539,NIFTY 50,08 Jul 2021,22473.81
540,NIFTY 50,07 Jul 2021,22683.66
541,NIFTY 50,06 Jul 2021,22595.93
542,NIFTY 50,05 Jul 2021,22618.97
543,NIFTY 50,02 Jul 2021,22456.66
544,NIFTY 50,01 Jul 2021,22396.40
545,NIFTY 50,30 Jun 2021,22455.70
546,NIFTY 50,29 Jun 2021,22493.60
547,NIFTY 50,28 Jun 2021,22578.86
548,NIFTY 50,25 Jun 2021,22644.06
549,NIFTY 50,24 Jun 2021,22544.26
550,NIFTY 50,23 Jun 2021,22395.25
551,NIFTY 50,22 Jun 2021,22517.74
552,NIFTY 50,21 Jun 2021,22480.30
553,NIFTY 50,18 Jun 2021,22390.11
554,NIFTY 50,17 Jun 2021,22401.65
555,NIFTY 50,16 Jun 2021,22503.90
556,NIFTY 50,15 Jun 2021,22649.05
557,NIFTY 50,14 Jun 2021,22567.11
558,NIFTY 50,11 Jun 2021,22544.26
559,NIFTY 50,10 Jun 2021,22448.94
560,NIFTY 50,09 Jun 2021,22283.52
561,NIFTY 50,08 Jun 2021,22432.77
562,NIFTY 50,07 Jun 2021,22449.24
563,NIFTY 50,04 Jun 2021,22333.23
564,NIFTY 50,03 Jun 2021,22361.86
565,NIFTY 50,02 Jun 2021,22194.18
566,NIFTY 50,01 Jun 2021,22192.25
567,NIFTY 50,31 May 2021,22203.59
568,NIFTY 50,28 May 2021,21962.31
569,NIFTY 50,27 May 2021,21823.14
570,NIFTY 50,26 May 2021,21771.35
571,NIFTY 50,25 May 2021,21639.04
572,Nifty 50,24 May 2021,21617.03
573,NIFTY 50,21 May 2021,21585.18
574,NIFTY 50,20 May 2021,21202.21
575,NIFTY 50,19 May 2021,21378.71
576,NIFTY 50,18 May 2021,21489.56
577,NIFTY 50,17 May 2021,21226.53
578,NIFTY 50,14 May 2021,20877.56
579,NIFTY 50,12 May 2021,20904.13
580,NIFTY 50,11 May 2021,21123.53
581,NIFTY 50,10 May 2021,21253.80
582,NIFTY 50,07 May 2021,21084.26
583,NIFTY 50,06 May 2021,20944.41
584,NIFTY 50,05 May 2021,20792.24
585,NIFTY 50,04 May 2021,20619.62
586,NIFTY 50,03 May 2021,20815.43
587,NIFTY 50,30 Apr 2021,20811.13
588,NIFTY 50,29 Apr 2021,21186.30
589,NIFTY 50,28 Apr 2021,21136.41
590,NIFTY 50,27 Apr 2021,20835.67
591,NIFTY 50,26 Apr 2021,20596.72
592,NIFTY 50,23 Apr 2021,20392.44
593,NIFTY 50,22 Apr 2021,20484.63
594,NIFTY 50,20 Apr 2021,20328.55
595,NIFTY 50,19 Apr 2021,20418.16
596,NIFTY 50,16 Apr 2021,20785.61
597,NIFTY 50,15 Apr 2021,20733.88
598,NIFTY 50,13 Apr 2021,20624.86
599,NIFTY 50,12 Apr 2021,20348.99
600,NIFTY 50,09 Apr 2021,21094.17
601,NIFTY 50,08 Apr 2021,21149.59
602,NIFTY 50,07 Apr 2021,21069.32
603,NIFTY 50,06 Apr 2021,20876.57
604,NIFTY 50,05 Apr 2021,20811.61
605,NIFTY 50,01 Apr 2021,21137.69
606,NIFTY 50,31 Mar 2021,20886.52
607,NIFTY 50,30 Mar 2021,21106.06
608,NIFTY 50,26 Mar 2021,20625.79
609,NIFTY 50,25 Mar 2021,20366.42
610,NIFTY 50,24 Mar 2021,20684.27
611,NIFTY 50,23 Mar 2021,21061.52
612,NIFTY 50,22 Mar 2021,20947.65
613,NIFTY 50,19 Mar 2021,20956.87
614,NIFTY 50,18 Mar 2021,20692.34
615,NIFTY 50,17 Mar 2021,20924.61
616,NIFTY 50,16 Mar 2021,21193.46
617,NIFTY 50,15 Mar 2021,21220.59
618,NIFTY 50,12 Mar 2021,21361.29
619,NIFTY 50,10 Mar 2021,21565.72
620,NIFTY 50,09 Mar 2021,21457.17
621,Nifty 50,08 Mar 2021,21255.06
622,NIFTY 50,05 Mar 2021,21225.94
623,NIFTY 50,04 Mar 2021,21428.63
624,NIFTY 50,03 Mar 2021,21662.92
625,NIFTY 50,02 Mar 2021,21198.93
626,NIFTY 50,01 Mar 2021,20975.08
627,NIFTY 50,26 Feb 2021,20644.88
628,NIFTY 50,25 Feb 2021,21452.24
629,NIFTY 50,24 Feb 2021,21288.35
630,NIFTY 50,23 Feb 2021,20898.75
631,NIFTY 50,22 Feb 2021,20853.12
632,NIFTY 50,19 Feb 2021,21273.28
633,NIFTY 50,18 Feb 2021,21468.11
634,NIFTY 50,17 Feb 2021,21595.82
635,NIFTY 50,16 Feb 2021,21737.90
636,NIFTY 50,15 Feb 2021,21739.69
637,NIFTY 50,12 Feb 2021,21521.82
638,NIFTY 50,11 Feb 2021,21536.00
639,NIFTY 50,10 Feb 2021,21436.44
640,NIFTY 50,09 Feb 2021,21440.42
641,Nifty 50,08 Feb 2021,21447.64
642,NIFTY 50,05 Feb 2021,21175.89
643,NIFTY 50,04 Feb 2021,21135.31
644,NIFTY 50,03 Feb 2021,20985.32
645,NIFTY 50,02 Feb 2021,20783.69
646,Nifty 50,01 Feb 2021,20263.44
647,NIFTY 50,29 Jan 2021,19346.03
648,NIFTY 50,28 Jan 2021,19605.59
649,NIFTY 50,27 Jan 2021,19818.34
650,NIFTY 50,25 Jan 2021,20201.90
651,NIFTY 50,22 Jan 2021,20390.57
652,NIFTY 50,21 Jan 2021,20700.02
653,NIFTY 50,20 Jan 2021,20775.67
654,NIFTY 50,19 Jan 2021,20600.41
655,NIFTY 50,18 Jan 2021,20260.18
656,NIFTY 50,15 Jan 2021,20476.38
657,NIFTY 50,14 Jan 2021,20706.07
658,NIFTY 50,13 Jan 2021,20660.35
659,NIFTY 50,12 Jan 2021,20658.34
660,NIFTY 50,11 Jan 2021,20546.74
661,NIFTY 50,08 Jan 2021,20351.67
662,NIFTY 50,07 Jan 2021,20053.97
663,NIFTY 50,06 Jan 2021,20066.56
664,NIFTY 50,05 Jan 2021,20142.13
665,NIFTY 50,04 Jan 2021,20047.61
666,NIFTY 50,01 Jan 2021,19885.36
667,NIFTY 50,31 Dec 2020,19833.19
668,NIFTY 50,30 Dec 2020,19833.53
669,NIFTY 50,29 Dec 2020,19763.51
670,NIFTY 50,28 Dec 2020,19679.24
671,NIFTY 50,24 Dec 2020,19503.40
672,NIFTY 50,23 Dec 2020,19293.26
673,NIFTY 50,22 Dec 2020,19102.06
674,NIFTY 50,21 Dec 2020,18906.45
675,NIFTY 50,18 Dec 2020,19519.42
676,NIFTY 50,17 Dec 2020,19491.30
677,NIFTY 50,16 Dec 2020,19404.80
678,NIFTY 50,15 Dec 2020,19241.90
679,NIFTY 50,14 Dec 2020,19228.16
680,NIFTY 50,11 Dec 2020,19165.33
681,NIFTY 50,10 Dec 2020,19114.96
682,NIFTY 50,09 Dec 2020,19186.95
683,NIFTY 50,08 Dec 2020,18993.86
684,NIFTY 50,07 Dec 2020,18941.15
685,NIFTY 50,04 Dec 2020,18803.27
686,NIFTY 50,03 Dec 2020,18626.53
687,NIFTY 50,02 Dec 2020,18597.90
688,NIFTY 50,01 Dec 2020,18591.25
689,NIFTY 50,27 Nov 2020,18392.54
690,NIFTY 50,26 Nov 2020,18418.16
691,NIFTY 50,25 Nov 2020,18235.76
692,NIFTY 50,24 Nov 2020,18514.82
693,NIFTY 50,23 Nov 2020,18332.33
694,NIFTY 50,20 Nov 2020,18236.68
695,NIFTY 50,19 Nov 2020,18112.83
696,NIFTY 50,18 Nov 2020,18349.02
697,NIFTY 50,17 Nov 2020,18258.23
698,NIFTY 50,14 Nov 2020,18124.93
699,NIFTY 50,13 Nov 2020,18039.44
700,NIFTY 50,12 Nov 2020,17998.11
701,NIFTY 50,11 Nov 2020,18080.84
702,NIFTY 50,10 Nov 2020,17913.40
703,NIFTY 50,09 Nov 2020,17672.25
704,NIFTY 50,06 Nov 2020,17392.14
705,NIFTY 50,05 Nov 2020,17189.03
706,NIFTY 50,04 Nov 2020,16888.65
707,NIFTY 50,03 Nov 2020,16746.75
708,NIFTY 50,02 Nov 2020,16542.08
709,NIFTY 50,30 Oct 2020,16504.16
710,NIFTY 50,29 Oct 2020,16544.45
711,NIFTY 50,28 Oct 2020,16623.13
712,NIFTY 50,27 Oct 2020,16844.96
713,NIFTY 50,26 Oct 2020,16672.62
714,NIFTY 50,23 Oct 2020,16902.96
715,NIFTY 50,22 Oct 2020,16840.52
716,NIFTY 50,21 Oct 2020,16897.43
717,NIFTY 50,20 Oct 2020,16839.60
718,NIFTY 50,19 Oct 2020,16805.97
719,NIFTY 50,16 Oct 2020,16649.46
720,NIFTY 50,15 Oct 2020,16533.24
721,NIFTY 50,14 Oct 2020,16944.73
722,NIFTY 50,13 Oct 2020,16888.87
723,NIFTY 50,12 Oct 2020,16883.84
724,NIFTY 50,09 Oct 2020,16860.11
725,NIFTY 50,08 Oct 2020,16747.48
726,NIFTY 50,07 Oct 2020,16611.96
727,NIFTY 50,06 Oct 2020,16503.77
728,NIFTY 50,05 Oct 2020,16278.72
729,NIFTY 50,01 Oct 2020,16156.44
730,NIFTY 50,30 Sep 2020,15916.72
731,NIFTY 50,29 Sep 2020,15881.16
732,NIFTY 50,28 Sep 2020,15888.44
733,NIFTY 50,25 Sep 2020,15637.53
734,NIFTY 50,24 Sep 2020,15291.25
735,NIFTY 50,23 Sep 2020,15752.97
736,NIFTY 50,22 Sep 2020,15783.87
737,NIFTY 50,21 Sep 2020,15920.99
738,NIFTY 50,18 Sep 2020,16281.00
739,NIFTY 50,17 Sep 2020,16296.78
740,NIFTY 50,16 Sep 2020,16421.95
741,NIFTY 50,15 Sep 2020,16304.84
742,NIFTY 50,14 Sep 2020,16189.14
743,NIFTY 50,11 Sep 2020,16222.92
744,NIFTY 50,10 Sep 2020,16201.44
745,NIFTY 50,09 Sep 2020,15958.99
746,NIFTY 50,08 Sep 2020,16014.67
747,NIFTY 50,07 Sep 2020,16068.06
748,NIFTY 50,04 Sep 2020,16038.07
749,NIFTY 50,03 Sep 2020,16311.99
750,NIFTY 50,02 Sep 2020,16322.17
751,NIFTY 50,01 Sep 2020,16227.14
752,NIFTY 50,31 Aug 2020,16110.07
753,NIFTY 50,28 Aug 2020,16478.01
754,NIFTY 50,27 Aug 2020,16353.08
755,NIFTY 50,26 Aug 2020,16339.41
756,NIFTY 50,25 Aug 2020,16226.20
757,NIFTY 50,24 Aug 2020,16218.02
758,NIFTY 50,21 Aug 2020,16083.84
759,NIFTY 50,20 Aug 2020,15999.86
760,NIFTY 50,19 Aug 2020,16135.89
761,NIFTY 50,18 Aug 2020,16101.86
762,NIFTY 50,17 Aug 2020,15906.29
763,NIFTY 50,14 Aug 2020,15809.17
764,NIFTY 50,13 Aug 2020,15981.73
765,NIFTY 50,12 Aug 2020,15986.03
766,NIFTY 50,11 Aug 2020,16005.99
767,NIFTY 50,10 Aug 2020,15931.97
768,NIFTY 50,07 Aug 2020,15852.65
769,NIFTY 50,06 Aug 2020,15833.02
770,NIFTY 50,05 Aug 2020,15689.69
771,NIFTY 50,04 Aug 2020,15676.74
772,NIFTY 50,03 Aug 2020,15388.98
773,NIFTY 50,31 Jul 2020,15645.34
774,NIFTY 50,30 Jul 2020,15685.92
775,NIFTY 50,29 Jul 2020,15824.19
776,NIFTY 50,28 Jul 2020,15961.70
777,NIFTY 50,27 Jul 2020,15723.39
778,NIFTY 50,24 Jul 2020,15811.40
779,NIFTY 50,23 Jul 2020,15841.48
780,NIFTY 50,22 Jul 2020,15722.51
781,NIFTY 50,21 Jul 2020,15764.41
782,NIFTY 50,20 Jul 2020,15566.56
783,NIFTY 50,17 Jul 2020,15396.44
784,NIFTY 50,16 Jul 2020,15167.99
785,NIFTY 50,15 Jul 2020,14993.52
786,NIFTY 50,14 Jul 2020,14978.23
787,NIFTY 50,13 Jul 2020,15254.09
788,NIFTY 50,10 Jul 2020,15204.13
789,NIFTY 50,09 Jul 2020,15268.19
790,NIFTY 50,08 Jul 2020,15104.09
791,NIFTY 50,07 Jul 2020,15236.58
792,NIFTY 50,06 Jul 2020,15185.78
793,NIFTY 50,03 Jul 2020,14964.59
794,NIFTY 50,02 Jul 2020,14886.06
795,NIFTY 50,01 Jul 2020,14707.64
796,NIFTY 50,30 Jun 2020,14527.18
797,NIFTY 50,29 Jun 2020,14541.76
798,NIFTY 50,26 Jun 2020,14641.26
799,NIFTY 50,25 Jun 2020,14508.61
800,NIFTY 50,24 Jun 2020,14531.72
801,NIFTY 50,23 Jun 2020,14765.36
802,NIFTY 50,22 Jun 2020,14540.07
803,NIFTY 50,19 Jun 2020,14445.87
804,NIFTY 50,18 Jun 2020,14227.14
805,NIFTY 50,17 Jun 2020,13930.35
806,NIFTY 50,16 Jun 2020,13976.63
807,NIFTY 50,15 Jun 2020,13835.27
808,NIFTY 50,12 Jun 2020,14059.69
809,NIFTY 50,11 Jun 2020,13959.73
810,NIFTY 50,10 Jun 2020,14260.91
811,NIFTY 50,09 Jun 2020,14162.90
812,NIFTY 50,08 Jun 2020,14333.20
813,NIFTY 50,05 Jun 2020,14297.55
814,NIFTY 50,04 Jun 2020,14138.19
815,NIFTY 50,03 Jun 2020,14183.95
816,NIFTY 50,02 Jun 2020,14065.56
817,NIFTY 50,01 Jun 2020,13850.00
818,NIFTY 50,29 May 2020,13503.45
819,NIFTY 50,28 May 2020,13364.65
820,NIFTY 50,27 May 2020,13117.99
821,NIFTY 50,26 May 2020,12715.39
822,NIFTY 50,22 May 2020,12729.74
823,NIFTY 50,21 May 2020,12824.12
824,NIFTY 50,20 May 2020,12768.20
825,NIFTY 50,19 May 2020,12504.22
826,NIFTY 50,18 May 2020,12425.57
827,NIFTY 50,15 May 2020,12867.16
828,NIFTY 50,14 May 2020,12875.51
829,NIFTY 50,13 May 2020,13214.58
830,NIFTY 50,12 May 2020,12951.29
831,NIFTY 50,11 May 2020,13011.35
832,NIFTY 50,08 May 2020,13028.62
833,NIFTY 50,07 May 2020,12954.81
834,NIFTY 50,06 May 2020,13055.99
835,NIFTY 50,05 May 2020,12963.99
836,NIFTY 50,04 May 2020,13086.63
837,NIFTY 50,30 Apr 2020,13884.18
838,NIFTY 50,29 Apr 2020,13452.51
839,NIFTY 50,28 Apr 2020,13208.29
840,NIFTY 50,27 Apr 2020,13069.49
841,NIFTY 50,24 Apr 2020,12889.39
842,NIFTY 50,23 Apr 2020,13113.97
843,NIFTY 50,22 Apr 2020,12935.73
844,NIFTY 50,21 Apr 2020,12645.91
845,NIFTY 50,20 Apr 2020,13040.65
846,NIFTY 50,17 Apr 2020,13047.57
847,NIFTY 50,16 Apr 2020,12661.83
848,NIFTY 50,15 Apr 2020,12566.85
849,NIFTY 50,13 Apr 2020,12663.31
850,NIFTY 50,09 Apr 2020,12829.57
851,NIFTY 50,08 Apr 2020,12318.25
852,NIFTY 50,07 Apr 2020,12379.42
853,NIFTY 50,03 Apr 2020,11382.02
854,NIFTY 50,01 Apr 2020,11621.35
855,NIFTY 50,31 Mar 2020,12105.66
856,NIFTY 50,30 Mar 2020,11659.76
857,NIFTY 50,27 Mar 2020,12193.62
858,NIFTY 50,26 Mar 2020,12167.15
859,NIFTY 50,25 Mar 2020,11710.71
860,NIFTY 50,24 Mar 2020,10983.15
861,NIFTY 50,23 Mar 2020,10710.41
862,NIFTY 50,20 Mar 2020,12298.74
863,NIFTY 50,19 Mar 2020,11620.92
864,NIFTY 50,18 Mar 2020,11904.02
865,NIFTY 50,17 Mar 2020,12604.41
866,NIFTY 50,16 Mar 2020,12928.18
867,NIFTY 50,13 Mar 2020,13987.31
868,NIFTY 50,12 Mar 2020,13474.38
869,NIFTY 50,11 Mar 2020,14694.31
870,NIFTY 50,09 Mar 2020,14684.56
871,NIFTY 50,06 Mar 2020,15440.48
872,NIFTY 50,05 Mar 2020,15833.21
873,NIFTY 50,04 Mar 2020,15805.53
874,NIFTY 50,03 Mar 2020,15878.98
875,NIFTY 50,02 Mar 2020,15632.14
876,NIFTY 50,28 Feb 2020,15726.92
877,NIFTY 50,27 Feb 2020,16332.81
878,NIFTY 50,26 Feb 2020,16396.23
879,NIFTY 50,25 Feb 2020,16563.91
880,NIFTY 50,24 Feb 2020,16608.12
881,NIFTY 50,20 Feb 2020,16961.16
882,NIFTY 50,19 Feb 2020,17024.41
883,NIFTY 50,18 Feb 2020,16837.08
884,NIFTY 50,17 Feb 2020,16911.92
885,NIFTY 50,14 Feb 2020,17002.89
886,NIFTY 50,13 Feb 2020,17088.84
887,NIFTY 50,12 Feb 2020,17126.07
888,NIFTY 50,11 Feb 2020,16995.10
889,NIFTY 50,10 Feb 2020,16887.86
890,NIFTY 50,07 Feb 2020,16981.75
891,NIFTY 50,06 Feb 2020,17037.28
892,NIFTY 50,05 Feb 2020,16968.83
893,NIFTY 50,04 Feb 2020,16815.12
894,NIFTY 50,03 Feb 2020,16433.65
895,NIFTY 50,01 Feb 2020,16369.00
896,NIFTY 50,31 Jan 2020,16790.45
897,NIFTY 50,30 Jan 2020,16893.91
898,NIFTY 50,29 Jan 2020,17025.46
899,NIFTY 50,28 Jan 2020,16922.01
900,NIFTY 50,27 Jan 2020,17010.70
901,NIFTY 50,24 Jan 2020,17192.15
902,NIFTY 50,23 Jan 2020,17095.61
903,NIFTY 50,22 Jan 2020,16990.68
904,NIFTY 50,21 Jan 2020,17079.07
905,NIFTY 50,20 Jan 2020,17155.83
906,NIFTY 50,17 Jan 2020,17335.20
907,NIFTY 50,16 Jan 2020,17339.57
908,NIFTY 50,15 Jan 2020,17322.50
909,NIFTY 50,14 Jan 2020,17349.12
910,NIFTY 50,13 Jan 2020,17303.20
911,NIFTY 50,10 Jan 2020,17201.08
912,NIFTY 50,09 Jan 2020,17143.65
913,NIFTY 50,08 Jan 2020,16876.24
914,NIFTY 50,07 Jan 2020,16915.03
915,NIFTY 50,06 Jan 2020,16830.93
916,NIFTY 50,03 Jan 2020,17158.75
917,NIFTY 50,02 Jan 2020,17236.70
918,NIFTY 50,01 Jan 2020,17096.83
919,NIFTY 50,31 Dec 2019,17077.06
920,NIFTY 50,30 Dec 2019,17199.73
921,NIFTY 50,27 Dec 2019,17185.66
922,NIFTY 50,26 Dec 2019,17018.26
923,NIFTY 50,24 Dec 2019,17141.80
924,NIFTY 50,23 Dec 2019,17209.40
925,NIFTY 50,20 Dec 2019,17222.14
926,NIFTY 50,19 Dec 2019,17205.12
927,NIFTY 50,18 Dec 2019,17150.93
928,Nifty 50,17 Dec 2019,17071.49
929,NIFTY 50,16 Dec 2019,16915.65
930,NIFTY 50,13 Dec 2019,16961.56
931,NIFTY 50,12 Dec 2019,16800.36
932,Nifty 50,11 Dec 2019,16713.79
933,Nifty 50,10 Dec 2019,16638.94
934,Nifty 50,09 Dec 2019,16751.53
935,Nifty 50,06 Dec 2019,16729.08
936,Nifty 50,05 Dec 2019,16865.04
937,Nifty 50,04 Dec 2019,16899.88
938,Nifty 50,03 Dec 2019,16831.11
939,NIFTY 50,02 Dec 2019,16906.88
940,NIFTY 50,29 Nov 2019,16917.89
941,NIFTY 50,28 Nov 2019,17051.31
942,NIFTY 50,27 Nov 2019,16980.54
943,NIFTY 50,26 Nov 2019,16892.15
944,NIFTY 50,25 Nov 2019,16942.70
945,NIFTY 50,22 Nov 2019,16719.11
946,NIFTY 50,21 Nov 2019,16794.86
947,NIFTY 50,20 Nov 2019,16837.96
948,NIFTY 50,19 Nov 2019,16755.15
949,NIFTY 50,18 Nov 2019,16677.14
950,NIFTY 50,15 Nov 2019,16692.52
951,NIFTY 50,14 Nov 2019,16659.78
952,NIFTY 50,13 Nov 2019,16615.37
953,NIFTY 50,11 Nov 2019,16717.75
954,NIFTY 50,08 Nov 2019,16710.37
955,NIFTY 50,07 Nov 2019,16856.17
956,NIFTY 50,06 Nov 2019,16791.61
957,NIFTY 50,05 Nov 2019,16723.06
958,Nifty 50,04 Nov 2019,16756.87
959,Nifty 50,01 Nov 2019,16685.73
960,NIFTY 50,31 Oct 2019,16667.29
961,NIFTY 50,30 Oct 2019,16620.07
962,NIFTY 50,29 Oct 2019,16539.23
963,NIFTY 50,27 Oct 2019,16315.17
964,NIFTY 50,25 Oct 2019,16254.45
965,NIFTY 50,24 Oct 2019,16252.63
966,NIFTY 50,23 Oct 2019,16282.84
967,NIFTY 50,22 Oct 2019,16248.11
968,NIFTY 50,18 Oct 2019,16351.16
969,NIFTY 50,17 Oct 2019,16245.31
970,NIFTY 50,16 Oct 2019,16057.85
971,NIFTY 50,15 Oct 2019,16007.83
972,NIFTY 50,14 Oct 2019,15885.74
973,NIFTY 50,11 Oct 2019,15835.17
974,NIFTY 50,10 Oct 2019,15736.44
975,NIFTY 50,09 Oct 2019,15846.77
976,NIFTY 50,07 Oct 2019,15584.94
977,NIFTY 50,04 Oct 2019,15652.70
978,NIFTY 50,03 Oct 2019,15847.70
979,NIFTY 50,01 Oct 2019,15912.03
980,NIFTY 50,30 Sep 2019,16072.50
981,NIFTY 50,27 Sep 2019,16125.65
982,NIFTY 50,26 Sep 2019,16207.96
983,NIFTY 50,25 Sep 2019,16024.49
984,NIFTY 50,24 Sep 2019,16231.83
985,Nifty 50,23 Sep 2019,16248.62
986,Nifty 50,20 Sep 2019,15791.99
987,NIFTY 50,19 Sep 2019,14994.39
988,NIFTY 50,18 Sep 2019,15184.69
989,NIFTY 50,17 Sep 2019,15152.39
990,NIFTY 50,16 Sep 2019,15412.83
991,NIFTY 50,13 Sep 2019,15514.20
992,NIFTY 50,12 Sep 2019,15383.82
993,NIFTY 50,11 Sep 2019,15457.90
994,NIFTY 50,09 Sep 2019,15412.14
995,NIFTY 50,06 Sep 2019,15332.57
996,NIFTY 50,05 Sep 2019,15194.86
997,NIFTY 50,04 Sep 2019,15190.30
998,NIFTY 50,03 Sep 2019,15124.80
999,NIFTY 50,30 Aug 2019,15440.47
1000,NIFTY 50,29 Aug 2019,15335.45
1001,NIFTY 50,28 Aug 2019,15472.44
1002,NIFTY 50,27 Aug 2019,15555.44
1003,NIFTY 50,26 Aug 2019,15488.96
1004,NIFTY 50,23 Aug 2019,15168.88
1005,NIFTY 50,22 Aug 2019,15045.62
1006,NIFTY 50,21 Aug 2019,15290.85
1007,NIFTY 50,20 Aug 2019,15425.45
1008,NIFTY 50,19 Aug 2019,15476.07
1009,NIFTY 50,16 Aug 2019,15464.58
1010,NIFTY 50,14 Aug 2019,15438.86
1011,NIFTY 50,13 Aug 2019,15289.35
1012,NIFTY 50,09 Aug 2019,15542.72
1013,NIFTY 50,08 Aug 2019,15434.73
1014,NIFTY 50,07 Aug 2019,15184.34
1015,NIFTY 50,06 Aug 2019,15314.03
1016,NIFTY 50,05 Aug 2019,15194.27
1017,NIFTY 50,02 Aug 2019,15382.73
1018,NIFTY 50,01 Aug 2019,15350.83
1019,NIFTY 50,31 Jul 2019,15539.43
1020,NIFTY 50,30 Jul 2019,15493.33
1021,NIFTY 50,29 Jul 2019,15638.42
1022,NIFTY 50,26 Jul 2019,15770.63
1023,NIFTY 50,25 Jul 2019,15725.60
1024,NIFTY 50,24 Jul 2019,15749.37
1025,NIFTY 50,23 Jul 2019,15824.55
1026,NIFTY 50,22 Jul 2019,15845.74
1027,NIFTY 50,19 Jul 2019,15945.55
1028,NIFTY 50,18 Jul 2019,16183.16
1029,NIFTY 50,17 Jul 2019,16306.82
1030,NIFTY 50,16 Jul 2019,16272.08
1031,NIFTY 50,15 Jul 2019,16165.28
1032,NIFTY 50,12 Jul 2019,16113.75
1033,NIFTY 50,11 Jul 2019,16155.78
1034,NIFTY 50,10 Jul 2019,16035.44
1035,NIFTY 50,09 Jul 2019,16114.46
1036,NIFTY 50,08 Jul 2019,16118.27
1037,NIFTY 50,05 Jul 2019,16468.99
1038,NIFTY 50,04 Jul 2019,16658.04
1039,NIFTY 50,03 Jul 2019,16612.16
1040,NIFTY 50,02 Jul 2019,16603.17
1041,NIFTY 50,01 Jul 2019,16540.88
1042,NIFTY 50,28 Jun 2019,16433.85
1043,NIFTY 50,27 Jun 2019,16507.34
1044,NIFTY 50,26 Jun 2019,16515.68
1045,NIFTY 50,25 Jun 2019,16444.46
1046,NIFTY 50,24 Jun 2019,16309.52
1047,NIFTY 50,21 Jun 2019,16343.59
1048,NIFTY 50,20 Jun 2019,16493.65
1049,NIFTY 50,19 Jun 2019,16283.94
1050,NIFTY 50,18 Jun 2019,16283.98
1051,NIFTY 50,17 Jun 2019,16257.06
1052,NIFTY 50,14 Jun 2019,16467.55
1053,NIFTY 50,13 Jun 2019,16593.97
1054,NIFTY 50,12 Jun 2019,16568.09
1055,NIFTY 50,11 Jun 2019,16650.75
1056,NIFTY 50,10 Jun 2019,16590.99
1057,NIFTY 50,07 Jun 2019,16518.62
1058,NIFTY 50,06 Jun 2019,16481.14
1059,NIFTY 50,04 Jun 2019,16728.74
1060,NIFTY 50,03 Jun 2019,16815.25
1061,NIFTY 50,31 May 2019,16583.46
1062,NIFTY 50,30 May 2019,16615.59
1063,NIFTY 50,29 May 2019,16497.62
1064,NIFTY 50,28 May 2019,16591.70
1065,NIFTY 50,27 May 2019,16585.13
1066,NIFTY 50,24 May 2019,16472.95
1067,NIFTY 50,23 May 2019,16212.78
1068,NIFTY 50,22 May 2019,16325.28
1069,NIFTY 50,21 May 2019,16268.26
1070,NIFTY 50,20 May 2019,16433.77
1071,NIFTY 50,17 May 2019,15848.71
1072,NIFTY 50,16 May 2019,15640.22
1073,NIFTY 50,15 May 2019,15500.82
1074,NIFTY 50,14 May 2019,15591.19
1075,NIFTY 50,13 May 2019,15488.60
1076,NIFTY 50,10 May 2019,15670.18
1077,NIFTY 50,09 May 2019,15701.95
1078,NIFTY 50,08 May 2019,15782.09
1079,NIFTY 50,07 May 2019,15974.41
1080,NIFTY 50,06 May 2019,16110.44
1081,NIFTY 50,03 May 2019,16268.79
1082,NIFTY 50,02 May 2019,16286.18
1083,NIFTY 50,30 Apr 2019,16318.66
1084,NIFTY 50,26 Apr 2019,16327.70
1085,NIFTY 50,25 Apr 2019,16170.98
1086,NIFTY 50,24 Apr 2019,16288.16
1087,NIFTY 50,23 Apr 2019,16079.51
1088,NIFTY 50,22 Apr 2019,16105.19
1089,NIFTY 50,18 Apr 2019,16325.13
1090,NIFTY 50,16 Apr 2019,16372.86
1091,NIFTY 50,15 Apr 2019,16238.41
1092,NIFTY 50,12 Apr 2019,16173.27
1093,NIFTY 50,11 Apr 2019,16108.32
1094,NIFTY 50,10 Apr 2019,16091.08
1095,NIFTY 50,09 Apr 2019,16212.81
1096,NIFTY 50,08 Apr 2019,16119.14
1097,NIFTY 50,05 Apr 2019,16204.48
1098,NIFTY 50,04 Apr 2019,16110.09
1099,NIFTY 50,03 Apr 2019,16173.92
1100,NIFTY 50,02 Apr 2019,16270.13
1101,NIFTY 50,01 Apr 2019,16208.94
1102,NIFTY 50,29 Mar 2019,16146.11
1103,NIFTY 50,28 Mar 2019,16071.26
1104,NIFTY 50,27 Mar 2019,15897.65
1105,NIFTY 50,26 Mar 2019,15949.46
1106,NIFTY 50,25 Mar 2019,15770.26
1107,NIFTY 50,22 Mar 2019,15912.88
1108,NIFTY 50,20 Mar 2019,15998.51
1109,NIFTY 50,19 Mar 2019,16014.33
1110,NIFTY 50,18 Mar 2019,15916.80
1111,NIFTY 50,15 Mar 2019,15867.74
1112,NIFTY 50,14 Mar 2019,15749.67
1113,NIFTY 50,13 Mar 2019,15742.86
1114,NIFTY 50,12 Mar 2019,15685.41
1115,NIFTY 50,11 Mar 2019,15500.61
1116,NIFTY 50,08 Mar 2019,15316.51
1117,NIFTY 50,07 Mar 2019,15348.14
1118,NIFTY 50,06 Mar 2019,15340.93
1119,NIFTY 50,05 Mar 2019,15249.97
1120,NIFTY 50,01 Mar 2019,15077.91
1121,NIFTY 50,28 Feb 2019,14979.39
1122,NIFTY 50,27 Feb 2019,14993.45
1123,NIFTY 50,26 Feb 2019,15033.15
1124,NIFTY 50,25 Feb 2019,15095.33
1125,NIFTY 50,22 Feb 2019,14972.58
1126,NIFTY 50,21 Feb 2019,14970.12
1127,NIFTY 50,20 Feb 2019,14891.60
1128,NIFTY 50,19 Feb 2019,14709.75
1129,NIFTY 50,18 Feb 2019,14760.48
1130,NIFTY 50,15 Feb 2019,14876.27
1131,NIFTY 50,14 Feb 2019,14906.26
1132,NIFTY 50,13 Feb 2019,14970.62
1133,NIFTY 50,12 Feb 2019,15023.02
1134,NIFTY 50,11 Feb 2019,15100.61
1135,NIFTY 50,08 Feb 2019,15173.02
1136,NIFTY 50,07 Feb 2019,15347.41
1137,NIFTY 50,06 Feb 2019,15337.80
1138,NIFTY 50,05 Feb 2019,15155.99
1139,NIFTY 50,04 Feb 2019,15125.02
1140,NIFTY 50,01 Feb 2019,15099.21
1141,NIFTY 50,31 Jan 2019,15012.34
1142,NIFTY 50,30 Jan 2019,14764.02
1143,NIFTY 50,29 Jan 2019,14764.59
1144,NIFTY 50,28 Jan 2019,14777.11
1145,NIFTY 50,25 Jan 2019,14942.09
1146,NIFTY 50,24 Jan 2019,15038.07
1147,NIFTY 50,23 Jan 2019,15007.40
1148,NIFTY 50,22 Jan 2019,15133.83
1149,NIFTY 50,21 Jan 2019,15188.00
1150,NIFTY 50,18 Jan 2019,15111.95
1151,NIFTY 50,17 Jan 2019,15109.54
1152,NIFTY 50,16 Jan 2019,15087.41
1153,NIFTY 50,15 Jan 2019,15082.59
1154,NIFTY 50,14 Jan 2019,14875.92
1155,NIFTY 50,11 Jan 2019,14955.33
1156,NIFTY 50,10 Jan 2019,14992.23
1157,NIFTY 50,09 Jan 2019,15038.74
1158,NIFTY 50,08 Jan 2019,14965.34
1159,NIFTY 50,07 Jan 2019,14923.27
1160,NIFTY 50,04 Jan 2019,14861.69
1161,NIFTY 50,03 Jan 2019,14785.38
1162,NIFTY 50,02 Jan 2019,14951.96
1163,NIFTY 50,01 Jan 2019,15114.90
1164,NIFTY 50,31 Dec 2018,15048.98
1165,NIFTY 50,28 Dec 2018,15045.34
1166,NIFTY 50,27 Dec 2018,14930.18
1167,NIFTY 50,26 Dec 2018,14860.97
1168,NIFTY 50,24 Dec 2018,14769.13
1169,NIFTY 50,21 Dec 2018,14894.42
1170,NIFTY 50,20 Dec 2018,15163.14
1171,NIFTY 50,19 Dec 2018,15184.78
1172,NIFTY 50,18 Dec 2018,15103.63
1173,NIFTY 50,17 Dec 2018,15075.46
1174,NIFTY 50,14 Dec 2018,14960.64
1175,NIFTY 50,13 Dec 2018,14941.40
1176,NIFTY 50,12 Dec 2018,14866.71
1177,NIFTY 50,11 Dec 2018,14605.79
1178,NIFTY 50,10 Dec 2018,14521.73
1179,NIFTY 50,07 Dec 2018,14805.93
1180,NIFTY 50,06 Dec 2018,14677.79
1181,NIFTY 50,05 Dec 2018,14929.43
1182,NIFTY 50,04 Dec 2018,15049.32
1183,NIFTY 50,03 Dec 2018,15069.07
1184,NIFTY 50,30 Nov 2018,15059.37
1185,NIFTY 50,29 Nov 2018,15034.36
1186,NIFTY 50,28 Nov 2018,14854.61
1187,NIFTY 50,27 Nov 2018,14794.70
1188,NIFTY 50,26 Nov 2018,14715.81
1189,NIFTY 50,22 Nov 2018,14574.82
1190,NIFTY 50,21 Nov 2018,14676.29
1191,NIFTY 50,20 Nov 2018,14754.03
1192,NIFTY 50,19 Nov 2018,14902.44
1193,NIFTY 50,16 Nov 2018,14790.05
1194,NIFTY 50,15 Nov 2018,14699.33
1195,NIFTY 50,14 Nov 2018,14643.42
1196,NIFTY 50,13 Nov 2018,14651.98
1197,NIFTY 50,12 Nov 2018,14513.12
1198,NIFTY 50,09 Nov 2018,14655.69
1199,NIFTY 50,07 Nov 2018,14673.98
1200,NIFTY 50,06 Nov 2018,14579.28
1201,NIFTY 50,05 Nov 2018,14570.98
1202,NIFTY 50,02 Nov 2018,14609.96
1203,NIFTY 50,01 Nov 2018,14371.10
1204,NIFTY 50,31 Oct 2018,14377.38
1205,NIFTY 50,30 Oct 2018,14116.91
1206,NIFTY 50,29 Oct 2018,14189.11
1207,NIFTY 50,26 Oct 2018,13882.95
1208,NIFTY 50,25 Oct 2018,14014.33
1209,NIFTY 50,24 Oct 2018,14139.75
1210,NIFTY 50,23 Oct 2018,14031.96
1211,NIFTY 50,22 Oct 2018,14166.64
1212,NIFTY 50,19 Oct 2018,14247.22
1213,NIFTY 50,17 Oct 2018,14453.94
1214,NIFTY 50,16 Oct 2018,14636.10
1215,NIFTY 50,15 Oct 2018,14536.17
1216,NIFTY 50,12 Oct 2018,14480.86
1217,NIFTY 50,11 Oct 2018,14152.00
1218,NIFTY 50,10 Oct 2018,14463.71
1219,NIFTY 50,09 Oct 2018,14243.79
1220,NIFTY 50,08 Oct 2018,14308.79
1221,NIFTY 50,05 Oct 2018,14265.08
1222,NIFTY 50,04 Oct 2018,14656.09
1223,NIFTY 50,03 Oct 2018,15014.23
1224,NIFTY 50,01 Oct 2018,15221.75
1225,NIFTY 50,28 Sep 2018,15114.08
1226,NIFTY 50,27 Sep 2018,15179.24
1227,NIFTY 50,26 Sep 2018,15284.67
1228,NIFTY 50,25 Sep 2018,15303.55
1229,NIFTY 50,24 Sep 2018,15165.18
1230,NIFTY 50,21 Sep 2018,15408.16
1231,NIFTY 50,19 Sep 2018,15534.28
1232,NIFTY 50,18 Sep 2018,15594.57
1233,NIFTY 50,17 Sep 2018,15731.26
1234,NIFTY 50,14 Sep 2018,15920.48
1235,NIFTY 50,12 Sep 2018,15719.62
1236,NIFTY 50,11 Sep 2018,15605.11
1237,NIFTY 50,10 Sep 2018,15813.26
1238,NIFTY 50,07 Sep 2018,16019.84
1239,NIFTY 50,06 Sep 2018,15947.67
1240,NIFTY 50,05 Sep 2018,15862.15
1241,NIFTY 50,04 Sep 2018,15922.09
1242,NIFTY 50,03 Sep 2018,16007.84
1243,NIFTY 50,31 Aug 2018,16143.51
1244,NIFTY 50,30 Aug 2018,16135.61
1245,NIFTY 50,29 Aug 2018,16156.02
1246,NIFTY 50,28 Aug 2018,16220.45
1247,NIFTY 50,27 Aug 2018,16156.09
1248,NIFTY 50,24 Aug 2018,15969.80
1249,NIFTY 50,23 Aug 2018,16001.85
1250,NIFTY 50,21 Aug 2018,15985.48
1251,NIFTY 50,20 Aug 2018,15959.04
1252,NIFTY 50,17 Aug 2018,15845.64
1253,NIFTY 50,16 Aug 2018,15727.25
1254,NIFTY 50,14 Aug 2018,15796.36
1255,NIFTY 50,13 Aug 2018,15676.23
1256,NIFTY 50,10 Aug 2018,15776.32
1257,NIFTY 50,09 Aug 2018,15833.23
1258,NIFTY 50,08 Aug 2018,15803.64
1259,NIFTY 50,07 Aug 2018,15720.05
1260,NIFTY 50,06 Aug 2018,15716.78
1261,NIFTY 50,03 Aug 2018,15680.51
1262,NIFTY 50,02 Aug 2018,15520.25
1263,NIFTY 50,01 Aug 2018,15658.27
1264,NIFTY 50,31 Jul 2018,15672.47
1265,NIFTY 50,30 Jul 2018,15621.47
1266,NIFTY 50,27 Jul 2018,15564.19
1267,NIFTY 50,26 Jul 2018,15410.93
1268,NIFTY 50,25 Jul 2018,15358.72
1269,NIFTY 50,24 Jul 2018,15361.88
1270,NIFTY 50,23 Jul 2018,15293.50
1271,NIFTY 50,20 Jul 2018,15190.13
1272,NIFTY 50,19 Jul 2018,15116.83
1273,NIFTY 50,18 Jul 2018,15135.57
1274,NIFTY 50,17 Jul 2018,15172.31
1275,NIFTY 50,16 Jul 2018,15072.66
1276,NIFTY 50,13 Jul 2018,15184.88
1277,NIFTY 50,12 Jul 2018,15190.82
1278,NIFTY 50,11 Jul 2018,15085.15
1279,NIFTY 50,10 Jul 2018,15081.60
1280,NIFTY 50,09 Jul 2018,14951.20
1281,NIFTY 50,06 Jul 2018,14840.13
1282,NIFTY 50,05 Jul 2018,14808.54
1283,NIFTY 50,04 Jul 2018,14830.50
1284,NIFTY 50,03 Jul 2018,14734.11
1285,NIFTY 50,02 Jul 2018,14675.42
1286,NIFTY 50,29 Jun 2018,14753.91
1287,NIFTY 50,28 Jun 2018,14581.53
1288,NIFTY 50,27 Jun 2018,14694.16
1289,NIFTY 50,26 Jun 2018,14821.45
1290,NIFTY 50,25 Jun 2018,14812.28
1291,NIFTY 50,22 Jun 2018,14894.02
1292,NIFTY 50,21 Jun 2018,14782.87
1293,NIFTY 50,20 Jun 2018,14822.46
1294,NIFTY 50,19 Jun 2018,14737.70
1295,NIFTY 50,18 Jun 2018,14860.73
1296,NIFTY 50,15 Jun 2018,14885.30
1297,NIFTY 50,14 Jun 2018,14871.97
1298,NIFTY 50,13 Jun 2018,14917.68
1299,NIFTY 50,12 Jun 2018,14898.66
1300,NIFTY 50,11 Jun 2018,14821.80
1301,NIFTY 50,08 Jun 2018,14795.31
1302,NIFTY 50,07 Jun 2018,14796.24
1303,NIFTY 50,06 Jun 2018,14681.25
1304,NIFTY 50,05 Jun 2018,14555.52
1305,NIFTY 50,04 Jun 2018,14604.11
1306,NIFTY 50,01 Jun 2018,14695.40
1307,NIFTY 50,31 May 2018,14750.26
1308,NIFTY 50,30 May 2018,14568.75
1309,NIFTY 50,29 May 2018,14594.78
1310,NIFTY 50,28 May 2018,14670.76
1311,NIFTY 50,25 May 2018,14556.18
1312,NIFTY 50,24 May 2018,14415.65
1313,NIFTY 50,23 May 2018,14301.15
1314,NIFTY 50,22 May 2018,14446.97
1315,NIFTY 50,21 May 2018,14419.57
1316,NIFTY 50,18 May 2018,14528.82
1317,Nifty 50,17 May 2018,14647.15
1318,Nifty 50,16 May 2018,14727.26
1319,Nifty 50,15 May 2018,14810.54
1320,Nifty 50,14 May 2018,14817.01
1321,Nifty 50,11 May 2018,14816.93
1322,Nifty 50,10 May 2018,14693.55
1323,Nifty 50,09 May 2018,14728.03
1324,Nifty 50,08 May 2018,14694.93
1325,Nifty 50,07 May 2018,14691.72
1326,Nifty 50,04 May 2018,14558.42
1327,Nifty 50,03 May 2018,14642.62
1328,Nifty 50,02 May 2018,14695.26
1329,Nifty 50,30 Apr 2018,14723.32
1330,Nifty 50,27 Apr 2018,14658.83
1331,Nifty 50,26 Apr 2018,14556.65
1332,Nifty 50,25 Apr 2018,14491.88
1333,Nifty 50,24 Apr 2018,14551.96
1334,Nifty 50,23 Apr 2018,14511.28
1335,Nifty 50,20 Apr 2018,14482.97
1336,Nifty 50,19 Apr 2018,14484.70
1337,Nifty 50,18 Apr 2018,14431.07
1338,Nifty 50,17 Apr 2018,14461.97
1339,Nifty 50,16 Apr 2018,14434.05
1340,Nifty 50,13 Apr 2018,14368.56
1341,Nifty 50,12 Apr 2018,14338.46
1342,Nifty 50,11 Apr 2018,14281.60
1343,Nifty 50,10 Apr 2018,14261.15
1344,Nifty 50,09 Apr 2018,14229.77
1345,Nifty 50,06 Apr 2018,14164.28
1346,Nifty 50,05 Apr 2018,14155.47
1347,Nifty 50,04 Apr 2018,13885.72
1348,Nifty 50,03 Apr 2018,14045.55
1349,Nifty 50,02 Apr 2018,14000.07
1350,Nifty 50,28 Mar 2018,13865.57
1351,Nifty 50,27 Mar 2018,13962.15
1352,Nifty 50,26 Mar 2018,13888.82
1353,Nifty 50,23 Mar 2018,13706.99
1354,Nifty 50,22 Mar 2018,13867.01
1355,Nifty 50,21 Mar 2018,13920.51
1356,Nifty 50,20 Mar 2018,13878.17
1357,Nifty 50,19 Mar 2018,13822.99
1358,Nifty 50,16 Mar 2018,13961.14
1359,Nifty 50,15 Mar 2018,14179.36
1360,Nifty 50,14 Mar 2018,14248.81
1361,Nifty 50,13 Mar 2018,14270.64
1362,Nifty 50,12 Mar 2018,14260.92
1363,Nifty 50,09 Mar 2018,13994.68
1364,Nifty 50,08 Mar 2018,14016.30
1365,Nifty 50,07 Mar 2018,13895.27
1366,Nifty 50,06 Mar 2018,14025.34
1367,Nifty 50,05 Mar 2018,14175.32
1368,Nifty 50,01 Mar 2018,14311.52
1369,Nifty 50,28 Feb 2018,14358.71
1370,Nifty 50,27 Feb 2018,14438.90
1371,Nifty 50,26 Feb 2018,14477.62
1372,Nifty 50,23 Feb 2018,14352.40
1373,Nifty 50,22 Feb 2018,14204.17
1374,Nifty 50,21 Feb 2018,14220.48
1375,Nifty 50,20 Feb 2018,14169.77
1376,Nifty 50,19 Feb 2018,14194.28
1377,Nifty 50,16 Feb 2018,14295.41
1378,Nifty 50,15 Feb 2018,14422.85
1379,Nifty 50,14 Feb 2018,14359.35
1380,Nifty 50,12 Feb 2018,14412.46
1381,Nifty 50,09 Feb 2018,14296.50
1382,Nifty 50,08 Feb 2018,14463.16
1383,Nifty 50,07 Feb 2018,14317.57
1384,Nifty 50,06 Feb 2018,14344.02
1385,Nifty 50,05 Feb 2018,14574.00
1386,Nifty 50,02 Feb 2018,14702.49
1387,Nifty 50,01 Feb 2018,15052.72
1388,Nifty 50,31 Jan 2018,15065.82
1389,Nifty 50,30 Jan 2018,15095.42
1390,Nifty 50,29 Jan 2018,15204.42
1391,Nifty 50,25 Jan 2018,15121.00
1392,Nifty 50,24 Jan 2018,15143.35
1393,Nifty 50,23 Jan 2018,15140.24
1394,Nifty 50,22 Jan 2018,14979.72
1395,Nifty 50,19 Jan 2018,14880.80
1396,Nifty 50,18 Jan 2018,14774.67
1397,Nifty 50,17 Jan 2018,14734.07
1398,Nifty 50,16 Jan 2018,14613.79
1399,Nifty 50,15 Jan 2018,14669.90
1400,Nifty 50,12 Jan 2018,14587.54
1401,Nifty 50,11 Jan 2018,14546.49
1402,Nifty 50,10 Jan 2018,14520.56
1403,Nifty 50,09 Jan 2018,14527.15
1404,Nifty 50,08 Jan 2018,14508.81
1405,Nifty 50,05 Jan 2018,14420.42
1406,Nifty 50,04 Jan 2018,14346.59
1407,Nifty 50,03 Jan 2018,14262.48
1408,Nifty 50,02 Jan 2018,14261.10
1409,Nifty 50,01 Jan 2018,14252.02
1410,Nifty 50,29 Dec 2017,14381.92
1411,Nifty 50,28 Dec 2017,14309.85
1412,Nifty 50,27 Dec 2017,14327.42
1413,Nifty 50,26 Dec 2017,14383.04
1414,Nifty 50,22 Dec 2017,14330.49
1415,Nifty 50,21 Dec 2017,14258.49
1416,Nifty 50,20 Dec 2017,14263.81
1417,Nifty 50,19 Dec 2017,14289.76
1418,Nifty 50,18 Dec 2017,14188.11
1419,Nifty 50,15 Dec 2017,14112.30
1420,Nifty 50,14 Dec 2017,14001.49
1421,Nifty 50,13 Dec 2017,13920.69
1422,Nifty 50,12 Dec 2017,13985.11
1423,Nifty 50,11 Dec 2017,14097.29
1424,Nifty 50,08 Dec 2017,14019.95
1425,Nifty 50,07 Dec 2017,13884.82
1426,Nifty 50,06 Dec 2017,13717.36
1427,Nifty 50,05 Dec 2017,13818.67
1428,Nifty 50,04 Dec 2017,13831.66
1429,Nifty 50,01 Dec 2017,13823.52
1430,Nifty 50,30 Nov 2017,13966.58
1431,Nifty 50,29 Nov 2017,14150.60
1432,Nifty 50,28 Nov 2017,14162.79
1433,Nifty 50,27 Nov 2017,14202.82
1434,Nifty 50,24 Nov 2017,14189.41
1435,Nifty 50,23 Nov 2017,14133.47
1436,Nifty 50,22 Nov 2017,14124.68
1437,Nifty 50,21 Nov 2017,14103.64
1438,Nifty 50,20 Nov 2017,14065.05
1439,Nifty 50,17 Nov 2017,14044.32
1440,Nifty 50,16 Nov 2017,13950.33
1441,Nifty 50,15 Nov 2017,13818.25
1442,Nifty 50,14 Nov 2017,13911.87
1443,Nifty 50,13 Nov 2017,13964.26
1444,Nifty 50,10 Nov 2017,14096.45
1445,Nifty 50,09 Nov 2017,14078.98
1446,Nifty 50,08 Nov 2017,14071.02
1447,Nifty 50,07 Nov 2017,14135.23
1448,Nifty 50,06 Nov 2017,14274.03
1449,Nifty 50,03 Nov 2017,14274.97
1450,Nifty 50,02 Nov 2017,14232.79
1451,Nifty 50,01 Nov 2017,14255.58
1452,Nifty 50,31 Oct 2017,14108.55
1453,Nifty 50,30 Oct 2017,14137.62
1454,Nifty 50,27 Oct 2017,14082.21
1455,Nifty 50,26 Oct 2017,14110.50
1456,Nifty 50,25 Oct 2017,14044.44
1457,Nifty 50,24 Oct 2017,13923.61
1458,Nifty 50,23 Oct 2017,13892.48
1459,Nifty 50,19 Oct 2017,13840.24
1460,Nifty 50,18 Oct 2017,13927.92
1461,Nifty 50,17 Oct 2017,13960.09
1462,Nifty 50,16 Oct 2017,13955.22
1463,Nifty 50,13 Oct 2017,13868.70
1464,Nifty 50,12 Oct 2017,13771.84
1465,Nifty 50,11 Oct 2017,13619.62
1466,Nifty 50,10 Oct 2017,13663.44
1467,Nifty 50,09 Oct 2017,13625.00
1468,Nifty 50,06 Oct 2017,13612.63
1469,Nifty 50,05 Oct 2017,13488.48
1470,Nifty 50,04 Oct 2017,13524.27
1471,Nifty 50,03 Oct 2017,13448.66
1472,Nifty 50,29 Sep 2017,13351.99
1473,Nifty 50,28 Sep 2017,13325.16
1474,Nifty 50,27 Sep 2017,13279.85
1475,Nifty 50,26 Sep 2017,13465.07
1476,Nifty 50,25 Sep 2017,13466.53
1477,Nifty 50,22 Sep 2017,13591.79
1478,Nifty 50,21 Sep 2017,13806.60
1479,Nifty 50,20 Sep 2017,13832.04
1480,Nifty 50,19 Sep 2017,13840.78
1481,Nifty 50,18 Sep 2017,13848.34
1482,Nifty 50,15 Sep 2017,13754.62
1483,Nifty 50,14 Sep 2017,13756.28
1484,Nifty 50,13 Sep 2017,13746.30
1485,Nifty 50,12 Sep 2017,13765.03
1486,Nifty 50,11 Sep 2017,13646.37
1487,Nifty 50,08 Sep 2017,13546.57
1488,Nifty 50,07 Sep 2017,13539.91
1489,Nifty 50,06 Sep 2017,13519.30
1490,Nifty 50,05 Sep 2017,13568.38
1491,Nifty 50,04 Sep 2017,13514.16
1492,Nifty 50,01 Sep 2017,13598.09
1493,Nifty 50,31 Aug 2017,13521.03
1494,Nifty 50,30 Aug 2017,13474.73
1495,Nifty 50,29 Aug 2017,13354.29
1496,Nifty 50,28 Aug 2017,13513.48
1497,Nifty 50,24 Aug 2017,13437.45
1498,Nifty 50,23 Aug 2017,13427.67
1499,Nifty 50,22 Aug 2017,13309.14
1500,Nifty 50,21 Aug 2017,13293.88
1501,Nifty 50,18 Aug 2017,13407.07
1502,Nifty 50,17 Aug 2017,13497.69
1503,Nifty 50,16 Aug 2017,13488.33
1504,Nifty 50,14 Aug 2017,13347.75
1505,Nifty 50,11 Aug 2017,13234.20
1506,Nifty 50,10 Aug 2017,13377.05
1507,Nifty 50,09 Aug 2017,13495.81
1508,Nifty 50,08 Aug 2017,13591.81
1509,Nifty 50,07 Aug 2017,13699.21
1510,Nifty 50,04 Aug 2017,13711.47
1511,Nifty 50,03 Aug 2017,13639.66
1512,Nifty 50,02 Aug 2017,13731.63
1513,Nifty 50,01 Aug 2017,13775.33
1514,Nifty 50,31 Jul 2017,13724.19
1515,Nifty 50,28 Jul 2017,13638.10
1516,Nifty 50,27 Jul 2017,13646.34
1517,Nifty 50,26 Jul 2017,13644.46
1518,Nifty 50,25 Jul 2017,13567.66
1519,Nifty 50,24 Jul 2017,13569.88
1520,Nifty 50,21 Jul 2017,13498.25
1521,Nifty 50,20 Jul 2017,13441.11
1522,Nifty 50,19 Jul 2017,13473.52
1523,Nifty 50,18 Jul 2017,13374.92
1524,Nifty 50,17 Jul 2017,13494.64
1525,Nifty 50,14 Jul 2017,13453.49
1526,Nifty 50,13 Jul 2017,13452.22
1527,Nifty 50,12 Jul 2017,13340.24
1528,Nifty 50,11 Jul 2017,13299.17
1529,Nifty 50,10 Jul 2017,13278.81
1530,Nifty 50,07 Jul 2017,13135.35
1531,Nifty 50,06 Jul 2017,13147.27
1532,Nifty 50,05 Jul 2017,13091.36
1533,Nifty 50,04 Jul 2017,13057.86
1534,Nifty 50,03 Jul 2017,13060.15
1535,Nifty 50,30 Jun 2017,12932.33
1536,Nifty 50,29 Jun 2017,12908.13
1537,Nifty 50,28 Jun 2017,12882.70
1538,Nifty 50,27 Jun 2017,12910.01
1539,Nifty 50,23 Jun 2017,12996.30
1540,Nifty 50,22 Jun 2017,13070.98
1541,Nifty 50,21 Jun 2017,13072.91
1542,Nifty 50,20 Jun 2017,13099.92
1543,Nifty 50,19 Jun 2017,13100.15
1544,Nifty 50,16 Jun 2017,13005.86
1545,Nifty 50,15 Jun 2017,12992.34
1546,Nifty 50,14 Jun 2017,13045.44
1547,Nifty 50,13 Jun 2017,13030.22
1548,Nifty 50,12 Jun 2017,13037.83
1549,Nifty 50,09 Jun 2017,13108.12
1550,Nifty 50,08 Jun 2017,13079.63
1551,Nifty 50,07 Jun 2017,13101.62
1552,Nifty 50,06 Jun 2017,13065.33
1553,Nifty 50,05 Jun 2017,13116.78
1554,Nifty 50,02 Jun 2017,13072.98
1555,Nifty 50,01 Jun 2017,13022.35
1556,Nifty 50,31 May 2017,13018.69
1557,Nifty 50,30 May 2017,13023.19
1558,Nifty 50,29 May 2017,12996.61
1559,Nifty 50,26 May 2017,12981.79
1560,Nifty 50,25 May 2017,12863.38
1561,Nifty 50,24 May 2017,12661.62
1562,Nifty 50,23 May 2017,12695.02
1563,Nifty 50,22 May 2017,12765.48
1564,Nifty 50,19 May 2017,12751.43
1565,Nifty 50,18 May 2017,12753.55
1566,Nifty 50,17 May 2017,12883.83
1567,Nifty 50,16 May 2017,12865.56
1568,Nifty 50,15 May 2017,12775.11
1569,Nifty 50,12 May 2017,12714.97
1570,Nifty 50,11 May 2017,12743.99
1571,Nifty 50,10 May 2017,12723.60
1572,Nifty 50,09 May 2017,12601.23
1573,Nifty 50,08 May 2017,12597.50
1574,Nifty 50,05 May 2017,12558.60
1575,Nifty 50,04 May 2017,12659.51
1576,Nifty 50,03 May 2017,12593.58
1577,Nifty 50,02 May 2017,12596.08
1578,Nifty 50,28 Apr 2017,12582.88
1579,Nifty 50,27 Apr 2017,12634.41
1580,Nifty 50,26 Apr 2017,12647.53
1581,Nifty 50,25 Apr 2017,12586.34
1582,Nifty 50,24 Apr 2017,12466.46
1583,Nifty 50,21 Apr 2017,12333.17
1584,Nifty 50,20 Apr 2017,12356.20
1585,Nifty 50,19 Apr 2017,12311.67
1586,Nifty 50,18 Apr 2017,12313.90
1587,Nifty 50,17 Apr 2017,12360.11
1588,Nifty 50,13 Apr 2017,12375.68
1589,Nifty 50,12 Apr 2017,12446.84
1590,Nifty 50,11 Apr 2017,12492.24
1591,Nifty 50,10 Apr 2017,12417.07
1592,Nifty 50,07 Apr 2017,12439.90
1593,Nifty 50,06 Apr 2017,12525.97
1594,Nifty 50,05 Apr 2017,12530.31
1595,Nifty 50,03 Apr 2017,12493.39
1596,Nifty 50,31 Mar 2017,12406.69
1597,Nifty 50,30 Mar 2017,12404.41
1598,Nifty 50,29 Mar 2017,12363.95
1599,Nifty 50,28 Mar 2017,12305.77
1600,Nifty 50,27 Mar 2017,12230.63
1601,Nifty 50,24 Mar 2017,12314.98
1602,Nifty 50,23 Mar 2017,12283.35
1603,Nifty 50,22 Mar 2017,12207.85
1604,Nifty 50,21 Mar 2017,12330.92
1605,Nifty 50,20 Mar 2017,12338.14
1606,Nifty 50,17 Mar 2017,12383.04
1607,Nifty 50,16 Mar 2017,12374.48
1608,Nifty 50,15 Mar 2017,12278.23
1609,Nifty 50,14 Mar 2017,12281.22
1610,Nifty 50,10 Mar 2017,12066.40
1611,Nifty 50,09 Mar 2017,12056.17
1612,Nifty 50,08 Mar 2017,12050.77
1613,Nifty 50,07 Mar 2017,12081.34
1614,Nifty 50,06 Mar 2017,12103.68
1615,Nifty 50,03 Mar 2017,12014.70
1616,Nifty 50,02 Mar 2017,12017.63
1617,Nifty 50,01 Mar 2017,12079.80
1618,Nifty 50,28 Feb 2017,11990.44
1619,Nifty 50,27 Feb 2017,12009.80
1620,Nifty 50,23 Feb 2017,12067.61
1621,Nifty 50,22 Feb 2017,12050.54
1622,Nifty 50,21 Feb 2017,12024.88
1623,Nifty 50,20 Feb 2017,11986.21
1624,Nifty 50,17 Feb 2017,11908.56
1625,Nifty 50,16 Feb 2017,11849.55
1626,Nifty 50,15 Feb 2017,11776.57
1627,Nifty 50,14 Feb 2017,11865.43
1628,Nifty 50,13 Feb 2017,11882.38
1629,Nifty 50,10 Feb 2017,11866.82
1630,Nifty 50,09 Feb 2017,11846.42
1631,Nifty 50,08 Feb 2017,11833.80
1632,Nifty 50,07 Feb 2017,11832.78
1633,Nifty 50,06 Feb 2017,11874.73
1634,Nifty 50,03 Feb 2017,11793.62
1635,Nifty 50,02 Feb 2017,11784.61
1636,Nifty 50,01 Feb 2017,11758.63
1637,Nifty 50,31 Jan 2017,11548.15
1638,Nifty 50,30 Jan 2017,11644.53
1639,Nifty 50,27 Jan 2017,11656.00
1640,Nifty 50,25 Jan 2017,11604.09
1641,Nifty 50,24 Jan 2017,11432.83
1642,Nifty 50,23 Jan 2017,11319.09
1643,Nifty 50,20 Jan 2017,11260.99
1644,Nifty 50,19 Jan 2017,11376.62
1645,Nifty 50,18 Jan 2017,11352.22
1646,Nifty 50,17 Jan 2017,11326.62
1647,Nifty 50,16 Jan 2017,11346.57
1648,Nifty 50,13 Jan 2017,11329.78
1649,Nifty 50,12 Jan 2017,11339.04
1650,Nifty 50,11 Jan 2017,11303.19
1651,Nifty 50,10 Jan 2017,11179.04
1652,Nifty 50,09 Jan 2017,11108.20
1653,Nifty 50,06 Jan 2017,11118.62
1654,Nifty 50,05 Jan 2017,11159.12
1655,Nifty 50,04 Jan 2017,11046.76
1656,Nifty 50,03 Jan 2017,11049.08
1657,Nifty 50,02 Jan 2017,11031.91
1658,Nifty 50,30 Dec 2016,11040.41
1659,Nifty 50,29 Dec 2016,10929.53
1660,Nifty 50,28 Dec 2016,10836.85
1661,Nifty 50,27 Dec 2016,10834.12
1662,Nifty 50,26 Dec 2016,10666.06
1663,Nifty 50,23 Dec 2016,10770.60
1664,Nifty 50,22 Dec 2016,10761.65
1665,Nifty 50,21 Dec 2016,10872.49
1666,Nifty 50,20 Dec 2016,10900.96
1667,Nifty 50,19 Dec 2016,10930.55
1668,Nifty 50,16 Dec 2016,10977.91
1669,Nifty 50,15 Dec 2016,10997.01
1670,Nifty 50,14 Dec 2016,11035.88
1671,Nifty 50,13 Dec 2016,11088.99
1672,Nifty 50,12 Dec 2016,11020.15
1673,Nifty 50,09 Dec 2016,11142.82
1674,Nifty 50,08 Dec 2016,11122.75
1675,Nifty 50,07 Dec 2016,10927.43
1676,Nifty 50,06 Dec 2016,10982.89
1677,Nifty 50,05 Dec 2016,10963.49
1678,Nifty 50,02 Dec 2016,10906.86
1679,Nifty 50,01 Dec 2016,11050.00
1680,Nifty 50,30 Nov 2016,11092.59
1681,Nifty 50,29 Nov 2016,10981.54
1682,Nifty 50,28 Nov 2016,10960.97
1683,Nifty 50,25 Nov 2016,10943.99
1684,Nifty 50,24 Nov 2016,10743.28
1685,Nifty 50,23 Nov 2016,10834.59
1686,Nifty 50,22 Nov 2016,10792.82
1687,Nifty 50,21 Nov 2016,10694.09
1688,Nifty 50,18 Nov 2016,10889.64
1689,Nifty 50,17 Nov 2016,10897.55
1690,Nifty 50,16 Nov 2016,10940.23
1691,Nifty 50,15 Nov 2016,10935.99
1692,Nifty 50,11 Nov 2016,11189.30
1693,Nifty 50,10 Nov 2016,11498.79
1694,Nifty 50,09 Nov 2016,11372.35
1695,Nifty 50,08 Nov 2016,11522.76
1696,Nifty 50,07 Nov 2016,11460.08
1697,Nifty 50,04 Nov 2016,11374.71
1698,Nifty 50,03 Nov 2016,11443.72
1699,Nifty 50,02 Nov 2016,11479.94
1700,Nifty 50,01 Nov 2016,11631.33
1701,Nifty 50,30 Oct 2016,11628.32
1702,Nifty 50,28 Oct 2016,11644.89
1703,Nifty 50,27 Oct 2016,11614.18
1704,Nifty 50,26 Oct 2016,11612.99
1705,Nifty 50,25 Oct 2016,11715.45
1706,Nifty 50,24 Oct 2016,11739.24
1707,Nifty 50,21 Oct 2016,11716.57
1708,Nifty 50,20 Oct 2016,11717.04
1709,Nifty 50,19 Oct 2016,11662.81
1710,Nifty 50,18 Oct 2016,11688.13
1711,Nifty 50,17 Oct 2016,11475.97
1712,Nifty 50,14 Oct 2016,11560.81
1713,Nifty 50,13 Oct 2016,11547.30
1714,Nifty 50,10 Oct 2016,11729.75
1715,Nifty 50,07 Oct 2016,11714.65
1716,Nifty 50,06 Oct 2016,11730.75
1717,Nifty 50,05 Oct 2016,11777.10
1718,Nifty 50,04 Oct 2016,11811.04
1719,Nifty 50,03 Oct 2016,11769.16
1720,Nifty 50,30 Sep 2016,11598.22
1721,Nifty 50,29 Sep 2016,11571.40
1722,Nifty 50,28 Sep 2016,11778.71
1723,Nifty 50,27 Sep 2016,11726.49
1724,Nifty 50,26 Sep 2016,11748.91
1725,Nifty 50,23 Sep 2016,11895.07
1726,Nifty 50,22 Sep 2016,11943.44
1727,Nifty 50,21 Sep 2016,11821.52
1728,Nifty 50,20 Sep 2016,11819.83
1729,Nifty 50,19 Sep 2016,11863.61
1730,Nifty 50,16 Sep 2016,11825.12
1731,Nifty 50,15 Sep 2016,11774.90
1732,Nifty 50,14 Sep 2016,11751.93
1733,Nifty 50,12 Sep 2016,11737.00
1734,Nifty 50,09 Sep 2016,11940.12
1735,Nifty 50,08 Sep 2016,12055.60
1736,Nifty 50,07 Sep 2016,12005.43
1737,Nifty 50,06 Sep 2016,12037.72
1738,Nifty 50,02 Sep 2016,11857.76
1739,Nifty 50,01 Sep 2016,11810.69
1740,Nifty 50,31 Aug 2016,11826.19
1741,Nifty 50,30 Aug 2016,11766.04
1742,Nifty 50,29 Aug 2016,11581.83
1743,Nifty 50,26 Aug 2016,11534.92
1744,Nifty 50,25 Aug 2016,11561.34
1745,Nifty 50,24 Aug 2016,11639.48
1746,Nifty 50,23 Aug 2016,11615.70
1747,Nifty 50,22 Aug 2016,11611.02
1748,Nifty 50,19 Aug 2016,11661.82
1749,Nifty 50,18 Aug 2016,11670.37
1750,Nifty 50,17 Aug 2016,11598.72
1751,Nifty 50,16 Aug 2016,11623.61
1752,Nifty 50,12 Aug 2016,11663.43
1753,Nifty 50,11 Aug 2016,11555.84
1754,Nifty 50,10 Aug 2016,11532.49
1755,Nifty 50,09 Aug 2016,11669.70
1756,Nifty 50,08 Aug 2016,11713.58
1757,Nifty 50,05 Aug 2016,11675.68
1758,Nifty 50,04 Aug 2016,11498.13
1759,Nifty 50,03 Aug 2016,11489.74
1760,Nifty 50,02 Aug 2016,11594.65
1761,Nifty 50,01 Aug 2016,11612.19
1762,Nifty 50,29 Jul 2016,11614.80
1763,Nifty 50,28 Jul 2016,11652.18
1764,Nifty 50,27 Jul 2016,11579.64
1765,Nifty 50,26 Jul 2016,11545.78
1766,Nifty 50,25 Jul 2016,11606.29
1767,Nifty 50,22 Jul 2016,11477.47
1768,Nifty 50,21 Jul 2016,11435.64
1769,Nifty 50,20 Jul 2016,11508.07
1770,Nifty 50,19 Jul 2016,11457.95
1771,Nifty 50,18 Jul 2016,11431.25
1772,Nifty 50,15 Jul 2016,11474.04
1773,Nifty 50,14 Jul 2016,11497.65
1774,Nifty 50,13 Jul 2016,11436.09
1775,Nifty 50,12 Jul 2016,11438.19
1776,Nifty 50,11 Jul 2016,11366.82
1777,Nifty 50,08 Jul 2016,11172.39
1778,Nifty 50,07 Jul 2016,11192.11
1779,Nifty 50,05 Jul 2016,11186.41
1780,Nifty 50,04 Jul 2016,11233.09
1781,Nifty 50,01 Jul 2016,11175.85
1782,Nifty 50,30 Jun 2016,11121.39
1783,Nifty 50,29 Jun 2016,11009.02
1784,Nifty 50,28 Jun 2016,10899.91
1785,Nifty 50,27 Jun 2016,10855.50
1786,Nifty 50,24 Jun 2016,10847.29
1787,Nifty 50,23 Jun 2016,11091.16
1788,Nifty 50,22 Jun 2016,11000.82
1789,Nifty 50,21 Jun 2016,11020.11
1790,Nifty 50,20 Jun 2016,11045.03
1791,Nifty 50,17 Jun 2016,10953.44
1792,Nifty 50,16 Jun 2016,10913.97
1793,Nifty 50,15 Jun 2016,10990.64
1794,Nifty 50,14 Jun 2016,10859.76
1795,Nifty 50,13 Jun 2016,10862.06
1796,Nifty 50,10 Jun 2016,10941.70
1797,Nifty 50,09 Jun 2016,10986.64
1798,Nifty 50,08 Jun 2016,11068.75
1799,Nifty 50,07 Jun 2016,11059.93
1800,Nifty 50,06 Jun 2016,10972.45
1801,Nifty 50,03 Jun 2016,10992.21
1802,Nifty 50,02 Jun 2016,10986.77
1803,Nifty 50,01 Jun 2016,10934.62
1804,Nifty 50,31 May 2016,10908.07
1805,Nifty 50,30 May 2016,10932.70
1806,Nifty 50,27 May 2016,10884.88
1807,Nifty 50,26 May 2016,10768.78
1808,Nifty 50,25 May 2016,10588.92
1809,Nifty 50,24 May 2016,10340.65
1810,Nifty 50,23 May 2016,10316.91
1811,Nifty 50,20 May 2016,10341.79
1812,Nifty 50,19 May 2016,10386.75
1813,Nifty 50,18 May 2016,10502.51
1814,Nifty 50,17 May 2016,10530.03
1815,Nifty 50,16 May 2016,10489.97
1816,Nifty 50,13 May 2016,10428.78
1817,Nifty 50,12 May 2016,10542.93
1818,Nifty 50,11 May 2016,10474.10
1819,Nifty 50,10 May 2016,10526.11
1820,Nifty 50,09 May 2016,10497.09
1821,Nifty 50,06 May 2016,10320.12
1822,Nifty 50,05 May 2016,10322.82
1823,Nifty 50,04 May 2016,10283.01
1824,Nifty 50,03 May 2016,10336.97
1825,Nifty 50,02 May 2016,10415.52
1826,Nifty 50,29 Apr 2016,10474.15
1827,Nifty 50,28 Apr 2016,10470.71
1828,Nifty 50,27 Apr 2016,10647.74
1829,Nifty 50,26 Apr 2016,10624.72
1830,Nifty 50,25 Apr 2016,10481.12
1831,Nifty 50,22 Apr 2016,10540.19
1832,Nifty 50,21 Apr 2016,10557.22
1833,Nifty 50,20 Apr 2016,10560.79
1834,Nifty 50,18 Apr 2016,10560.74
1835,Nifty 50,13 Apr 2016,10475.02
1836,Nifty 50,12 Apr 2016,10286.18
1837,Nifty 50,11 Apr 2016,10236.11
1838,Nifty 50,08 Apr 2016,10081.01
1839,Nifty 50,07 Apr 2016,10069.36
1840,Nifty 50,06 Apr 2016,10159.98
1841,Nifty 50,05 Apr 2016,10145.10
1842,Nifty 50,04 Apr 2016,10352.69
1843,Nifty 50,01 Apr 2016,10291.69
1844,Nifty 50,31 Mar 2016,10325.50
1845,Nifty 50,30 Mar 2016,10321.20
1846,Nifty 50,29 Mar 2016,10135.49
1847,Nifty 50,28 Mar 2016,10159.66
1848,Nifty 50,23 Mar 2016,10294.93
1849,Nifty 50,22 Mar 2016,10292.77
1850,Nifty 50,21 Mar 2016,10278.30
1851,Nifty 50,18 Mar 2016,10143.60
1852,Nifty 50,17 Mar 2016,10021.13
1853,Nifty 50,16 Mar 2016,9997.90
1854,Nifty 50,15 Mar 2016,9944.76
1855,Nifty 50,14 Mar 2016,10048.89
1856,Nifty 50,11 Mar 2016,10001.18
1857,Nifty 50,10 Mar 2016,9969.15
1858,Nifty 50,09 Mar 2016,10029.96
1859,Nifty 50,08 Mar 2016,9967.99
1860,Nifty 50,04 Mar 2016,9968.09
1861,Nifty 50,03 Mar 2016,9955.10
1862,Nifty 50,02 Mar 2016,9812.68
1863,Nifty 50,01 Mar 2016,9617.51
1864,Nifty 50,29 Feb 2016,9304.26
1865,Nifty 50,26 Feb 2016,9361.10
1866,Nifty 50,25 Feb 2016,9282.38
1867,Nifty 50,24 Feb 2016,9346.39
1868,Nifty 50,23 Feb 2016,9467.41
1869,Nifty 50,22 Feb 2016,9633.83
1870,Nifty 50,19 Feb 2016,9601.77
1871,Nifty 50,18 Feb 2016,9576.46
1872,Nifty 50,17 Feb 2016,9465.52
1873,Nifty 50,16 Feb 2016,9385.36
1874,Nifty 50,15 Feb 2016,9537.74
1875,Nifty 50,12 Feb 2016,9295.41
1876,Nifty 50,11 Feb 2016,9289.29
1877,Nifty 50,10 Feb 2016,9607.98
1878,Nifty 50,09 Feb 2016,9717.87
1879,Nifty 50,08 Feb 2016,9836.41
1880,Nifty 50,05 Feb 2016,9972.05
1881,Nifty 50,04 Feb 2016,9857.82
1882,Nifty 50,03 Feb 2016,9801.62
1883,Nifty 50,02 Feb 2016,9925.98
1884,Nifty 50,01 Feb 2016,10058.69
1885,Nifty 50,29 Jan 2016,10068.86
1886,Nifty 50,28 Jan 2016,9883.94
1887,Nifty 50,27 Jan 2016,9901.35
1888,Nifty 50,25 Jan 2016,9898.28
1889,Nifty 50,22 Jan 2016,9879.13
1890,Nifty 50,21 Jan 2016,9685.29
1891,Nifty 50,20 Jan 2016,9727.77
1892,Nifty 50,19 Jan 2016,9895.18
1893,Nifty 50,18 Jan 2016,9783.26
1894,Nifty 50,15 Jan 2016,9898.80
1895,Nifty 50,14 Jan 2016,10030.53
1896,Nifty 50,13 Jan 2016,10064.62
1897,Nifty 50,12 Jan 2016,9995.25
1898,Nifty 50,11 Jan 2016,10066.57
1899,Nifty 50,08 Jan 2016,10116.45
1900,Nifty 50,07 Jan 2016,10072.45
1901,Nifty 50,06 Jan 2016,10302.32
1902,Nifty 50,05 Jan 2016,10360.42
1903,Nifty 50,04 Jan 2016,10369.24
1904,Nifty 50,01 Jan 2016,10598.00
1905,Nifty 50,31 Dec 2015,10575.63
1906,Nifty 50,30 Dec 2015,10508.91
1907,Nifty 50,29 Dec 2015,10552.46
1908,Nifty 50,28 Dec 2015,10547.37
1909,Nifty 50,24 Dec 2015,10462.08
1910,Nifty 50,23 Dec 2015,10468.61
1911,Nifty 50,22 Dec 2015,10362.35
1912,Nifty 50,21 Dec 2015,10426.69
1913,Nifty 50,18 Dec 2015,10330.16
1914,Nifty 50,17 Dec 2015,10439.83
1915,Nifty 50,16 Dec 2015,10315.45
1916,Nifty 50,15 Dec 2015,10248.91
1917,Nifty 50,14 Dec 2015,10181.25
1918,Nifty 50,11 Dec 2015,10128.57
1919,Nifty 50,10 Dec 2015,10225.54
1920,Nifty 50,09 Dec 2015,10131.26
1921,Nifty 50,08 Dec 2015,10250.03
1922,Nifty 50,07 Dec 2015,10334.77
1923,Nifty 50,04 Dec 2015,10356.71
1924,Nifty 50,03 Dec 2015,10466.19
1925,Nifty 50,02 Dec 2015,10555.62
1926,Nifty 50,01 Dec 2015,10586.99
1927,Nifty 50,30 Nov 2015,10560.84
1928,Nifty 50,27 Nov 2015,10570.76
1929,Nifty 50,26 Nov 2015,10492.35
1930,Nifty 50,24 Nov 2015,10422.86
1931,Nifty 50,23 Nov 2015,10446.40
1932,Nifty 50,20 Nov 2015,10456.11
1933,Nifty 50,19 Nov 2015,10437.71
1934,Nifty 50,18 Nov 2015,10290.03
1935,Nifty 50,17 Nov 2015,10430.78
1936,Nifty 50,16 Nov 2015,10389.64
1937,Nifty 50,13 Nov 2015,10330.60
1938,Nifty 50,11 Nov 2015,10414.07
1939,Nifty 50,10 Nov 2015,10358.65
1940,Nifty 50,09 Nov 2015,10531.91
1941,Nifty 50,06 Nov 2015,10583.88
1942,Nifty 50,05 Nov 2015,10585.41
1943,Nifty 50,04 Nov 2015,10698.19
1944,Nifty 50,03 Nov 2015,10725.48
1945,Nifty 50,02 Nov 2015,10712.32
1946,Nifty 50,30 Oct 2015,10732.25
1947,Nifty 50,29 Oct 2015,10792.35
1948,Nifty 50,28 Oct 2015,10871.42
1949,Nifty 50,27 Oct 2015,10953.26
1950,Nifty 50,26 Oct 2015,10990.02
1951,Nifty 50,23 Oct 2015,11036.44
1952,Nifty 50,21 Oct 2015,10976.65
1953,Nifty 50,20 Oct 2015,10989.00
1954,Nifty 50,19 Oct 2015,11006.79
1955,Nifty 50,16 Oct 2015,10956.47
1956,Nifty 50,15 Oct 2015,10872.82
1957,Nifty 50,14 Oct 2015,10777.67
1958,Nifty 50,13 Oct 2015,10809.32
1959,Nifty 50,12 Oct 2015,10825.14
1960,Nifty 50,09 Oct 2015,10886.38
1961,Nifty 50,08 Oct 2015,10806.18
1962,Nifty 50,07 Oct 2015,10870.04
1963,Nifty 50,06 Oct 2015,10837.50
1964,Nifty 50,05 Oct 2015,10792.79
1965,Nifty 50,01 Oct 2015,10568.94
1966,Nifty 50,30 Sep 2015,10566.29
1967,Nifty 50,29 Sep 2015,10425.93
1968,Nifty 50,28 Sep 2015,10362.68
1969,Nifty 50,24 Sep 2015,10459.44
1970,Nifty 50,23 Sep 2015,10429.44
1971,Nifty 50,22 Sep 2015,10384.35
1972,Nifty 50,21 Sep 2015,10603.80
1973,Nifty 50,18 Sep 2015,10609.87
1974,Nifty 50,16 Sep 2015,10499.73
1975,Nifty 50,15 Sep 2015,10406.56
1976,Nifty 50,14 Sep 2015,10463.93
1977,Nifty 50,11 Sep 2015,10353.54
1978,Nifty 50,10 Sep 2015,10351.93
1979,Nifty 50,09 Sep 2015,10392.45
1980,Nifty 50,08 Sep 2015,10219.21
1981,Nifty 50,07 Sep 2015,10047.15
1982,Nifty 50,04 Sep 2015,10173.65
1983,Nifty 50,03 Sep 2015,10396.83
1984,Nifty 50,02 Sep 2015,10254.61
1985,Nifty 50,01 Sep 2015,10346.16
1986,Nifty 50,31 Aug 2015,10588.80
1987,Nifty 50,28 Aug 2015,10629.49
1988,Nifty 50,27 Aug 2015,10557.50
1989,Nifty 50,26 Aug 2015,10348.40
1990,Nifty 50,25 Aug 2015,10465.46
1991,Nifty 50,24 Aug 2015,10370.27
1992,Nifty 50,21 Aug 2015,11022.22
1993,Nifty 50,20 Aug 2015,11118.95
1994,Nifty 50,19 Aug 2015,11281.26
1995,Nifty 50,18 Aug 2015,11243.28
1996,Nifty 50,17 Aug 2015,11257.56
1997,Nifty 50,14 Aug 2015,11312.32
1998,Nifty 50,13 Aug 2015,11095.98
1999,Nifty 50,12 Aug 2015,11086.67
2000,Nifty 50,11 Aug 2015,11236.57
2001,Nifty 50,10 Aug 2015,11320.25
2002,Nifty 50,07 Aug 2015,11372.02
2003,Nifty 50,06 Aug 2015,11402.67
2004,Nifty 50,05 Aug 2015,11375.18
2005,Nifty 50,04 Aug 2015,11307.41
2006,Nifty 50,03 Aug 2015,11342.11
2007,Nifty 50,31 Jul 2015,11328.56
2008,Nifty 50,30 Jul 2015,11180.79
2009,Nifty 50,29 Jul 2015,11118.71
2010,Nifty 50,28 Jul 2015,11068.18
2011,Nifty 50,27 Jul 2015,11100.03
2012,Nifty 50,24 Jul 2015,11313.22
2013,Nifty 50,23 Jul 2015,11403.83
2014,Nifty 50,22 Jul 2015,11459.27
2015,Nifty 50,21 Jul 2015,11320.88
2016,Nifty 50,20 Jul 2015,11419.13
2017,Nifty 50,17 Jul 2015,11424.87
2018,Nifty 50,16 Jul 2015,11422.48
2019,Nifty 50,15 Jul 2015,11309.10
2020,Nifty 50,14 Jul 2015,11210.85
2021,Nifty 50,13 Jul 2015,11217.67
2022,Nifty 50,10 Jul 2015,11086.29
2023,Nifty 50,09 Jul 2015,11043.14
2024,Nifty 50,08 Jul 2015,11084.34
2025,Nifty 50,07 Jul 2015,11279.56
2026,Nifty 50,06 Jul 2015,11294.60
2027,Nifty 50,03 Jul 2015,11244.49
2028,Nifty 50,02 Jul 2015,11191.50
2029,Nifty 50,01 Jul 2015,11197.83
2030,Nifty 50,30 Jun 2015,11085.87
2031,Nifty 50,29 Jun 2015,11019.47
2032,Nifty 50,26 Jun 2015,11102.52
2033,Nifty 50,25 Jun 2015,11124.95
2034,Nifty 50,24 Jun 2015,11075.71
2035,Nifty 50,23 Jun 2015,11102.60
2036,Nifty 50,22 Jun 2015,11064.89
2037,Nifty 50,19 Jun 2015,10894.44
2038,Nifty 50,18 Jun 2015,10825.96
2039,Nifty 50,17 Jun 2015,10715.85
2040,Nifty 50,16 Jun 2015,10657.23
2041,Nifty 50,15 Jun 2015,10612.12
2042,Nifty 50,12 Jun 2015,10562.76
2043,Nifty 50,11 Jun 2015,10539.53
2044,Nifty 50,10 Jun 2015,10750.07
2045,Nifty 50,09 Jun 2015,10615.01
2046,Nifty 50,08 Jun 2015,10643.82
2047,Nifty 50,05 Jun 2015,10737.17
2048,Nifty 50,04 Jun 2015,10754.83
2049,Nifty 50,03 Jun 2015,10752.52
2050,Nifty 50,02 Jun 2015,10876.52
2051,Nifty 50,01 Jun 2015,11136.64
2052,Nifty 50,29 May 2015,11135.85
2053,Nifty 50,28 May 2015,10984.45
2054,Nifty 50,27 May 2015,11001.96
2055,Nifty 50,26 May 2015,11008.25
2056,Nifty 50,25 May 2015,11049.00
2057,Nifty 50,22 May 2015,11166.12
2058,Nifty 50,21 May 2015,11116.00
2059,Nifty 50,20 May 2015,11118.14
2060,Nifty 50,19 May 2015,11042.12
2061,Nifty 50,18 May 2015,11052.70
2062,Nifty 50,15 May 2015,10905.75
2063,Nifty 50,14 May 2015,10855.42
2064,Nifty 50,13 May 2015,10870.30
2065,Nifty 50,12 May 2015,10727.03
2066,Nifty 50,11 May 2015,10988.82
2067,Nifty 50,08 May 2015,10812.25
2068,Nifty 50,07 May 2015,10630.43
2069,Nifty 50,06 May 2015,10682.81
2070,Nifty 50,05 May 2015,10983.33
2071,Nifty 50,04 May 2015,10992.81
2072,Nifty 50,30 Apr 2015,10794.27
2073,Nifty 50,29 Apr 2015,10871.15
2074,Nifty 50,28 Apr 2015,10931.63
2075,Nifty 50,27 Apr 2015,10836.88
2076,Nifty 50,24 Apr 2015,10957.58
2077,Nifty 50,23 Apr 2015,11079.67
2078,Nifty 50,22 Apr 2015,11121.12
2079,Nifty 50,21 Apr 2015,11052.56
2080,Nifty 50,20 Apr 2015,11145.37
2081,Nifty 50,17 Apr 2015,11353.68
2082,Nifty 50,16 Apr 2015,11486.56
2083,Nifty 50,15 Apr 2015,11543.96
2084,Nifty 50,13 Apr 2015,11654.49
2085,Nifty 50,10 Apr 2015,11583.75
2086,Nifty 50,09 Apr 2015,11581.01
2087,Nifty 50,08 Apr 2015,11496.74
2088,Nifty 50,07 Apr 2015,11425.33
2089,Nifty 50,06 Apr 2015,11424.83
2090,Nifty 50,01 Apr 2015,11327.63
2091,Nifty 50,31 Mar 2015,11201.99
2092,Nifty 50,30 Mar 2015,11203.71
2093,Nifty 50,27 Mar 2015,11004.63
2094,Nifty 50,26 Mar 2015,11005.59
2095,Nifty 50,25 Mar 2015,11254.51
2096,Nifty 50,24 Mar 2015,11269.62
2097,Nifty 50,23 Mar 2015,11277.98
2098,Nifty 50,20 Mar 2015,11304.37
2099,Nifty 50,19 Mar 2015,11380.91
2100,Nifty 50,18 Mar 2015,11448.46
2101,Nifty 50,17 Mar 2015,11497.78
2102,Nifty 50,16 Mar 2015,11378.97
2103,Nifty 50,13 Mar 2015,11398.21
2104,Nifty 50,12 Mar 2015,11567.25
2105,Nifty 50,11 Mar 2015,11466.50
2106,Nifty 50,10 Mar 2015,11482.40
2107,Nifty 50,09 Mar 2015,11541.34
2108,Nifty 50,05 Mar 2015,11779.43
2109,Nifty 50,04 Mar 2015,11759.58
2110,Nifty 50,03 Mar 2015,11856.58
2111,Nifty 50,02 Mar 2015,11796.73
2112,Nifty 50,28 Feb 2015,11723.28
2113,Nifty 50,27 Feb 2015,11647.90
2114,Nifty 50,26 Feb 2015,11436.20
2115,Nifty 50,25 Feb 2015,11546.02
2116,Nifty 50,24 Feb 2015,11539.22
2117,Nifty 50,23 Feb 2015,11529.79
2118,Nifty 50,20 Feb 2015,11633.41
2119,Nifty 50,19 Feb 2015,11714.65
2120,Nifty 50,18 Feb 2015,11680.18
2121,Nifty 50,16 Feb 2015,11600.46
2122,Nifty 50,13 Feb 2015,11595.25
2123,Nifty 50,12 Feb 2015,11471.52
2124,Nifty 50,11 Feb 2015,11360.75
2125,Nifty 50,10 Feb 2015,11279.29
2126,Nifty 50,09 Feb 2015,11227.70
2127,Nifty 50,06 Feb 2015,11405.06
2128,Nifty 50,05 Feb 2015,11471.77
2129,Nifty 50,04 Feb 2015,11487.57
2130,Nifty 50,03 Feb 2015,11529.72
2131,Nifty 50,02 Feb 2015,11583.49
2132,Nifty 50,30 Jan 2015,11598.64
2133,Nifty 50,29 Jan 2015,11787.53
2134,Nifty 50,28 Jan 2015,11737.42
2135,Nifty 50,27 Jan 2015,11732.39
2136,Nifty 50,23 Jan 2015,11633.06
2137,Nifty 50,22 Jan 2015,11535.32
2138,Nifty 50,21 Jan 2015,11492.40
2139,Nifty 50,20 Jan 2015,11447.77
2140,Nifty 50,19 Jan 2015,11257.01
2141,Nifty 50,16 Jan 2015,11208.42
2142,Nifty 50,15 Jan 2015,11182.52
2143,Nifty 50,14 Jan 2015,10897.36
2144,Nifty 50,13 Jan 2015,10926.16
2145,Nifty 50,12 Jan 2015,10957.22
2146,Nifty 50,09 Jan 2015,10906.56
2147,Nifty 50,08 Jan 2015,10840.84
2148,Nifty 50,07 Jan 2015,10666.38
2149,Nifty 50,06 Jan 2015,10699.62
2150,Nifty 50,05 Jan 2015,11030.18
2151,Nifty 50,02 Jan 2015,11052.57
2152,Nifty 50,01 Jan 2015,10905.87
2153,Nifty 50,31 Dec 2014,10904.18
2154,Nifty 50,30 Dec 2014,10858.82
2155,Nifty 50,29 Dec 2014,10856.23
2156,Nifty 50,26 Dec 2014,10796.22
2157,Nifty 50,24 Dec 2014,10761.16
2158,Nifty 50,23 Dec 2014,10883.52
2159,Nifty 50,22 Dec 2014,10958.56
2160,Nifty 50,19 Dec 2014,10828.45
2161,Nifty 50,18 Dec 2014,10741.73
2162,Nifty 50,17 Dec 2014,10571.25
2163,Nifty 50,16 Dec 2014,10620.96
2164,Nifty 50,15 Dec 2014,10818.45
2165,Nifty 50,12 Dec 2014,10824.36
2166,Nifty 50,11 Dec 2014,10914.91
2167,Nifty 50,10 Dec 2014,10997.53
2168,Nifty 50,09 Dec 2014,10977.83
2169,Nifty 50,08 Dec 2014,11106.22
2170,Nifty 50,05 Dec 2014,11237.89
2171,Nifty 50,04 Dec 2014,11272.28
2172,Nifty 50,03 Dec 2014,11237.05
2173,Nifty 50,02 Dec 2014,11219.98
2174,Nifty 50,01 Dec 2014,11261.08
2175,Nifty 50,28 Nov 2014,11303.65
2176,Nifty 50,27 Nov 2014,11179.89
2177,Nifty 50,26 Nov 2014,11155.59
2178,Nifty 50,25 Nov 2014,11138.95
2179,Nifty 50,24 Nov 2014,11227.19
2180,Nifty 50,21 Nov 2014,11157.68
2181,Nifty 50,20 Nov 2014,11058.39
2182,Nifty 50,19 Nov 2014,11032.59
2183,Nifty 50,18 Nov 2014,11089.98
2184,Nifty 50,17 Nov 2014,11096.32
2185,Nifty 50,14 Nov 2014,11042.61
2186,Nifty 50,13 Nov 2014,11000.37
2187,Nifty 50,12 Nov 2014,11033.19
2188,Nifty 50,11 Nov 2014,11006.04
2189,Nifty 50,10 Nov 2014,10981.77
2190,Nifty 50,07 Nov 2014,10972.24
2191,Nifty 50,05 Nov 2014,10973.95
2192,Nifty 50,03 Nov 2014,10955.32
2193,Nifty 50,31 Oct 2014,10952.14
2194,Nifty 50,30 Oct 2014,10749.57
2195,Nifty 50,29 Oct 2014,10645.96
2196,Nifty 50,28 Oct 2014,10562.48
2197,Nifty 50,27 Oct 2014,10515.22
2198,Nifty 50,23 Oct 2014,10545.31
2199,Nifty 50,22 Oct 2014,10520.79
2200,Nifty 50,21 Oct 2014,10431.10
2201,Nifty 50,20 Oct 2014,10367.03
2202,Nifty 50,17 Oct 2014,10235.83
2203,Nifty 50,16 Oct 2014,10194.41
2204,Nifty 50,14 Oct 2014,10342.43
2205,Nifty 50,13 Oct 2014,10369.11
2206,Nifty 50,10 Oct 2014,10337.14
2207,Nifty 50,09 Oct 2014,10469.45
2208,Nifty 50,08 Oct 2014,10314.44
2209,Nifty 50,07 Oct 2014,10327.23
2210,Nifty 50,01 Oct 2014,10449.70
2211,Nifty 50,30 Sep 2014,10475.04
2212,Nifty 50,29 Sep 2014,10467.25
2213,Nifty 50,26 Sep 2014,10480.36
2214,Nifty 50,25 Sep 2014,10405.39
2215,Nifty 50,24 Sep 2014,10524.50
2216,Nifty 50,23 Sep 2014,10544.42
2217,Nifty 50,22 Sep 2014,10713.74
2218,Nifty 50,19 Sep 2014,10679.98
2219,Nifty 50,18 Sep 2014,10671.16
2220,Nifty 50,17 Sep 2014,10488.05
2221,Nifty 50,16 Sep 2014,10432.03
2222,Nifty 50,15 Sep 2014,10575.50
2223,Nifty 50,12 Sep 2014,10658.96
2224,Nifty 50,11 Sep 2014,10632.96
2225,Nifty 50,10 Sep 2014,10643.54
2226,Nifty 50,09 Sep 2014,10720.95
2227,Nifty 50,08 Sep 2014,10748.49
2228,Nifty 50,05 Sep 2014,10633.24
2229,Nifty 50,04 Sep 2014,10643.88
2230,Nifty 50,03 Sep 2014,10667.50
2231,Nifty 50,02 Sep 2014,10626.05
2232,Nifty 50,01 Sep 2014,10553.26
2233,Nifty 50,28 Aug 2014,10456.85
2234,Nifty 50,27 Aug 2014,10432.78
2235,Nifty 50,26 Aug 2014,10390.39
2236,Nifty 50,25 Aug 2014,10392.41
2237,Nifty 50,22 Aug 2014,10401.48
2238,Nifty 50,21 Aug 2014,10372.44
2239,Nifty 50,20 Aug 2014,10350.28
2240,Nifty 50,19 Aug 2014,10379.05
2241,Nifty 50,18 Aug 2014,10348.22
2242,Nifty 50,14 Aug 2014,10239.76
2243,Nifty 50,13 Aug 2014,10171.22
2244,Nifty 50,12 Aug 2014,10150.24
2245,Nifty 50,11 Aug 2014,10017.44
2246,Nifty 50,08 Aug 2014,9942.03
2247,Nifty 50,07 Aug 2014,10046.98
2248,Nifty 50,06 Aug 2014,10076.95
2249,Nifty 50,05 Aug 2014,10174.47
2250,Nifty 50,04 Aug 2014,10090.88
2251,Nifty 50,01 Aug 2014,9984.48
2252,Nifty 50,31 Jul 2014,10140.34
2253,Nifty 50,30 Jul 2014,10232.41
2254,Nifty 50,28 Jul 2014,10175.95
2255,Nifty 50,25 Jul 2014,10223.52
2256,Nifty 50,24 Jul 2014,10275.33
2257,Nifty 50,23 Jul 2014,10229.29
2258,Nifty 50,22 Jul 2014,10191.98
2259,Nifty 50,21 Jul 2014,10082.28
2260,Nifty 50,18 Jul 2014,10054.40
2261,Nifty 50,17 Jul 2014,10023.67
2262,Nifty 50,16 Jul 2014,9999.71
2263,Nifty 50,15 Jul 2014,9871.51
2264,Nifty 50,14 Jul 2014,9776.46
2265,Nifty 50,11 Jul 2014,9781.62
2266,Nifty 50,10 Jul 2014,9922.60
2267,Nifty 50,09 Jul 2014,9945.17
2268,Nifty 50,08 Jul 2014,9993.08
2269,Nifty 50,07 Jul 2014,10208.02
2270,Nifty 50,04 Jul 2014,10161.42
2271,Nifty 50,03 Jul 2014,10105.89
2272,Nifty 50,02 Jul 2014,10115.19
2273,Nifty 50,01 Jul 2014,9996.74
2274,Nifty 50,30 Jun 2014,9966.14
2275,Nifty 50,27 Jun 2014,9831.90
2276,Nifty 50,26 Jun 2014,9811.48
2277,Nifty 50,25 Jun 2014,9911.03
2278,Nifty 50,24 Jun 2014,9925.34
2279,Nifty 50,23 Jun 2014,9811.62
2280,Nifty 50,20 Jun 2014,9835.35
2281,Nifty 50,19 Jun 2014,9873.61
2282,Nifty 50,18 Jun 2014,9896.55
2283,Nifty 50,17 Jun 2014,9992.78
2284,Nifty 50,16 Jun 2014,9864.29
2285,Nifty 50,13 Jun 2014,9874.46
2286,Nifty 50,12 Jun 2014,10015.59
2287,Nifty 50,11 Jun 2014,9982.86
2288,Nifty 50,10 Jun 2014,10019.94
2289,Nifty 50,09 Jun 2014,10017.59
2290,Nifty 50,06 Jun 2014,9924.43
2291,Nifty 50,05 Jun 2014,9778.32
2292,Nifty 50,04 Jun 2014,9672.68
2293,Nifty 50,03 Jun 2014,9690.44
2294,Nifty 50,02 Jun 2014,9610.85
2295,Nifty 50,30 May 2014,9437.81
2296,Nifty 50,29 May 2014,9445.23
2297,Nifty 50,28 May 2014,9560.40
2298,Nifty 50,27 May 2014,9545.20
2299,Nifty 50,26 May 2014,9598.75
2300,Nifty 50,23 May 2014,9609.25
2301,Nifty 50,22 May 2014,9490.91
2302,Nifty 50,21 May 2014,9460.28
2303,Nifty 50,20 May 2014,9489.73
2304,Nifty 50,19 May 2014,9474.16
2305,Nifty 50,16 May 2014,9395.18
2306,Nifty 50,15 May 2014,9286.39
2307,Nifty 50,14 May 2014,9267.61
2308,Nifty 50,13 May 2014,9267.61
2309,Nifty 50,12 May 2014,9144.41
2310,Nifty 50,09 May 2014,8941.77
2311,Nifty 50,08 May 2014,8682.37
2312,Nifty 50,07 May 2014,8672.88
2313,Nifty 50,06 May 2014,8754.69
2314,Nifty 50,05 May 2014,8733.92
2315,Nifty 50,02 May 2014,8727.93
